user_id,username,email,first_name,last_name,date_of_birth,gender,country,city,registration_date,is_verified,total_orders,created_at,updated_at
USER_000001,ubrown,hrose@example.net,Christopher,Hensley,2005-03-13,Other,Falkland Islands (Malvinas),Robertburgh,2025-07-15,False,9,2025-09-26 01:04:54.415648,2025-09-26 01:04:54.415649
USER_000002,sallison,moorezachary@example.org,Mark,Mendez,1985-05-11,M,Tunisia,Williamsmouth,2024-10-23,True,33,2025-09-26 01:04:54.415855,2025-09-26 01:04:54.415855
USER_000003,cho,ronaldwashington@example.org,John,Miller,1968-05-21,M,Costa Rica,Jasonbury,2024-06-10,True,44,2025-09-26 01:04:54.416041,2025-09-26 01:04:54.416042
USER_000004,benjaminward,ejohnson@example.net,Patrick,Gross,1984-12-28,Other,Micronesia,Lake Tiffany,2024-04-19,True,14,2025-09-26 01:04:54.416221,2025-09-26 01:04:54.416221
USER_000005,whiteevelyn,jessica73@example.org,Deborah,Todd,1991-12-16,F,Latvia,Petersonton,2024-05-20,True,43,2025-09-26 01:04:54.416404,2025-09-26 01:04:54.416404
USER_000006,sandovalcaitlin,otucker@example.org,Michael,Hardy,1946-01-10,F,Somalia,North David,2025-03-01,True,29,2025-09-26 01:04:54.416585,2025-09-26 01:04:54.416585
USER_000007,vburnett,kblackburn@example.com,Heather,Myers,1955-02-20,Other,Dominican Republic,East Jorgechester,2025-08-20,False,36,2025-09-26 01:04:54.416743,2025-09-26 01:04:54.416744
USER_000008,rickyrodriguez,smithchristopher@example.net,Arthur,Simpson,1980-09-03,Other,Gabon,East Amyburgh,2024-05-28,False,19,2025-09-26 01:04:54.416947,2025-09-26 01:04:54.416947
USER_000009,pamela55,rileycaitlyn@example.net,Tina,Jackson,2001-10-06,M,New Zealand,Port Melissaton,2023-12-22,True,27,2025-09-26 01:04:54.417120,2025-09-26 01:04:54.417120
USER_000010,reedebony,christine66@example.org,Katie,Turner,1997-07-02,M,Iraq,Williamsville,2023-10-29,False,23,2025-09-26 01:04:54.417354,2025-09-26 01:04:54.417354
USER_000011,charles10,thomastony@example.org,Kristine,Sandoval,1967-12-11,F,Papua New Guinea,Wallbury,2025-04-02,True,33,2025-09-26 01:04:54.417563,2025-09-26 01:04:54.417564
USER_000012,ryan34,williamskimberly@example.org,Angela,Harrell,1955-08-24,M,Nicaragua,North Jason,2025-02-08,True,43,2025-09-26 01:04:54.417750,2025-09-26 01:04:54.417750
USER_000013,jeffery12,peter04@example.net,Margaret,Ford,1948-06-05,F,Greece,Smithhaven,2024-12-04,True,3,2025-09-26 01:04:54.417908,2025-09-26 01:04:54.417909
USER_000014,conradjackie,murphyapril@example.net,Kevin,Hartman,2000-05-29,F,Djibouti,North William,2024-04-26,True,30,2025-09-26 01:04:54.418119,2025-09-26 01:04:54.418119
USER_000015,andregray,vanessawright@example.org,Debbie,White,1991-01-31,Other,Tuvalu,Obrienport,2024-06-16,True,48,2025-09-26 01:04:54.418333,2025-09-26 01:04:54.418333
USER_000016,nford,kimberlyhanson@example.net,Lori,Krause,1973-02-02,Other,Spain,North Brittany,2025-07-02,True,4,2025-09-26 01:04:54.418517,2025-09-26 01:04:54.418517
USER_000017,ann04,williambradford@example.net,Shannon,Mitchell,1954-12-07,F,Niue,West John,2025-05-31,True,10,2025-09-26 01:04:54.418691,2025-09-26 01:04:54.418691
USER_000018,hornhunter,staceymay@example.org,Jonathan,Miller,1958-08-16,M,Heard Island and McDonald Islands,Evansside,2025-06-24,False,23,2025-09-26 01:04:54.418903,2025-09-26 01:04:54.418904
USER_000019,bwilliams,aaron47@example.com,Edward,Gibson,2003-12-21,Other,Burkina Faso,West Nancy,2025-05-09,False,0,2025-09-26 01:04:54.419057,2025-09-26 01:04:54.419057
USER_000020,alyssa50,katherine07@example.net,Pamela,Owens,1982-08-01,M,Cook Islands,West Andre,2024-09-19,False,16,2025-09-26 01:04:54.419204,2025-09-26 01:04:54.419205
USER_000021,jakewashington,traceystewart@example.org,Scott,Porter,1978-01-26,M,Niger,East Gerald,2025-06-02,False,45,2025-09-26 01:04:54.419410,2025-09-26 01:04:54.419411
USER_000022,jamiemeyer,amanda23@example.com,Katherine,Le,2002-07-02,F,Thailand,Duncanport,2025-06-15,True,25,2025-09-26 01:04:54.419593,2025-09-26 01:04:54.419594
USER_000023,flopez,dflores@example.com,Joseph,Fry,2002-09-21,F,Vanuatu,West Pamelashire,2025-08-23,True,40,2025-09-26 01:04:54.419757,2025-09-26 01:04:54.419758
USER_000024,tara53,yvasquez@example.net,Jessica,Walsh,1993-12-01,Other,Iran,West Garymouth,2024-05-20,False,40,2025-09-26 01:04:54.419911,2025-09-26 01:04:54.419912
USER_000025,jlarson,isabel19@example.net,Michael,Hunter,1957-07-03,F,Northern Mariana Islands,Reynoldsport,2025-05-13,True,34,2025-09-26 01:04:54.420073,2025-09-26 01:04:54.420073
USER_000026,margaret18,katherinesingh@example.net,Kimberly,Harris,2002-03-13,Other,Nigeria,North Donna,2024-03-24,True,38,2025-09-26 01:04:54.420249,2025-09-26 01:04:54.420249
USER_000027,harcher,timothyward@example.com,Vincent,Mccarthy,1973-03-01,M,Belgium,Stewartchester,2023-10-18,True,26,2025-09-26 01:04:54.420443,2025-09-26 01:04:54.420444
USER_000028,matthew39,justin79@example.com,Tracey,English,1997-05-04,F,Slovenia,South Lorishire,2024-07-04,False,30,2025-09-26 01:04:54.420592,2025-09-26 01:04:54.420593
USER_000029,myoung,tonylopez@example.net,James,Strickland,1991-09-27,M,Belize,West Jenniferside,2025-05-06,True,47,2025-09-26 01:04:54.420775,2025-09-26 01:04:54.420775
USER_000030,claudia96,cboone@example.com,David,Owens,1946-03-27,Other,Italy,East Courtneymouth,2024-07-26,False,27,2025-09-26 01:04:54.420926,2025-09-26 01:04:54.420926
USER_000031,christymack,uperez@example.com,Charles,Stevens,1986-04-10,Other,Israel,Cynthiashire,2024-02-20,False,34,2025-09-26 01:04:54.421104,2025-09-26 01:04:54.421105
USER_000032,johnsontrevor,jenniferyang@example.com,Diane,Rojas,1961-02-09,M,Norway,Josestad,2025-08-10,False,0,2025-09-26 01:04:54.421305,2025-09-26 01:04:54.421305
USER_000033,linda95,tle@example.net,Eric,King,1976-04-27,Other,Guam,North Jameston,2025-01-04,True,40,2025-09-26 01:04:54.421456,2025-09-26 01:04:54.421456
USER_000034,stewartrebecca,tammy58@example.com,Michael,Odonnell,1972-10-16,M,Djibouti,Port Danielhaven,2024-04-08,True,22,2025-09-26 01:04:54.421629,2025-09-26 01:04:54.421629
USER_000035,milescharles,olsenmike@example.com,Elizabeth,Lopez,1966-03-07,F,Bangladesh,Port Davidfort,2025-02-11,False,1,2025-09-26 01:04:54.421832,2025-09-26 01:04:54.421832
USER_000036,emcclain,wbeasley@example.net,James,Adams,1952-05-23,F,Central African Republic,Hicksshire,2024-07-17,True,7,2025-09-26 01:04:54.422006,2025-09-26 01:04:54.422006
USER_000037,alexfitzpatrick,ythompson@example.net,Christine,Stone,1993-08-17,Other,Sweden,Mooneychester,2024-09-09,True,17,2025-09-26 01:04:54.422201,2025-09-26 01:04:54.422201
USER_000038,walter67,mblevins@example.com,Bruce,Snyder,1987-12-31,F,Saint Pierre and Miquelon,Millershire,2023-11-25,True,46,2025-09-26 01:04:54.422364,2025-09-26 01:04:54.422364
USER_000039,knappedward,matthew35@example.net,Michael,Graham,1954-12-25,M,Anguilla,West Jasonburgh,2023-11-27,False,28,2025-09-26 01:04:54.422540,2025-09-26 01:04:54.422540
USER_000040,hshaw,briana80@example.net,Monique,Holmes,1964-08-19,F,United States of America,South Samuel,2024-10-09,False,39,2025-09-26 01:04:54.422690,2025-09-26 01:04:54.422690
USER_000041,nburns,arnoldmartha@example.com,Travis,Mueller,1958-10-25,M,Chad,Port Ryan,2025-06-12,True,42,2025-09-26 01:04:54.422869,2025-09-26 01:04:54.422869
USER_000042,garciadiane,kjones@example.net,Henry,Green,1973-08-31,M,Austria,Toddview,2025-02-27,False,5,2025-09-26 01:04:54.423048,2025-09-26 01:04:54.423049
USER_000043,asmith,shall@example.org,William,Reed,1958-12-20,F,Western Sahara,Paulhaven,2025-08-10,False,32,2025-09-26 01:04:54.423208,2025-09-26 01:04:54.423208
USER_000044,annshah,rlee@example.org,Michelle,Crawford,1957-06-28,F,Brunei Darussalam,Omarhaven,2023-12-29,False,3,2025-09-26 01:04:54.423391,2025-09-26 01:04:54.423392
USER_000045,nadams,jamescalderon@example.org,Rebecca,Torres,1989-10-14,F,Cape Verde,Andreastad,2025-04-02,True,10,2025-09-26 01:04:54.423570,2025-09-26 01:04:54.423570
USER_000046,sharonwatts,uanderson@example.com,Gregory,Hamilton,1979-02-14,Other,Croatia,Port Lisaside,2023-10-05,True,27,2025-09-26 01:04:54.423750,2025-09-26 01:04:54.423751
USER_000047,matthew47,uspears@example.org,Ryan,Smith,1957-07-24,F,Cameroon,East Lisachester,2024-05-24,False,19,2025-09-26 01:04:54.423901,2025-09-26 01:04:54.423901
USER_000048,jamesvillegas,leecynthia@example.net,Vickie,Powell,1963-01-07,M,Estonia,South Josephside,2024-08-09,True,33,2025-09-26 01:04:54.424117,2025-09-26 01:04:54.424117
USER_000049,hollysullivan,michelle13@example.org,James,Diaz,1958-02-24,Other,Saint Vincent and the Grenadines,Lucasberg,2024-12-04,True,24,2025-09-26 01:04:54.424305,2025-09-26 01:04:54.424306
USER_000050,martinezmary,bryantrita@example.com,Meghan,Edwards,2005-04-29,F,Yemen,Munozmouth,2025-08-17,True,0,2025-09-26 01:04:54.424515,2025-09-26 01:04:54.424515
USER_000051,pleonard,jeremysmith@example.net,Rachel,Scott,1975-10-24,F,Czech Republic,West Jacob,2024-02-25,True,22,2025-09-26 01:04:54.424694,2025-09-26 01:04:54.424694
USER_000052,fschaefer,mclark@example.net,Wendy,Evans,1994-11-02,M,Mongolia,Brownbury,2024-08-04,False,3,2025-09-26 01:04:54.424860,2025-09-26 01:04:54.424861
USER_000053,annaknight,micheal68@example.com,Karen,Smith,2006-11-13,F,French Southern Territories,North Raymondhaven,2025-07-27,True,42,2025-09-26 01:04:54.425033,2025-09-26 01:04:54.425033
USER_000054,connor97,davisapril@example.org,Jessica,Moore,1958-02-07,F,Ghana,Kaitlintown,2024-10-15,False,46,2025-09-26 01:04:54.425203,2025-09-26 01:04:54.425203
USER_000055,pamelabarron,nicholasdrake@example.net,Matthew,Underwood,2000-02-09,F,Guadeloupe,Mcdanielburgh,2024-05-15,False,6,2025-09-26 01:04:54.425411,2025-09-26 01:04:54.425411
USER_000056,anthonylee,robert08@example.net,Ronnie,Becker,2007-04-06,F,Korea,Woodmouth,2025-09-24,True,16,2025-09-26 01:04:54.425589,2025-09-26 01:04:54.425590
USER_000057,xboone,kirstenbrown@example.com,Bryce,Schaefer,1948-07-31,Other,Western Sahara,South Tammyfurt,2025-06-21,False,43,2025-09-26 01:04:54.425768,2025-09-26 01:04:54.425769
USER_000058,austindebbie,ashleeallen@example.net,Michael,Ward,1988-12-06,M,Montenegro,East Christopherstad,2024-05-11,True,10,2025-09-26 01:04:54.425970,2025-09-26 01:04:54.425970
USER_000059,allisoncole,turnerkristen@example.org,Sarah,Alexander,2002-04-12,Other,Taiwan,South Thomasville,2024-12-14,True,7,2025-09-26 01:04:54.426170,2025-09-26 01:04:54.426170
USER_000060,juan95,kaylalloyd@example.com,Joseph,Martinez,1980-05-28,Other,Madagascar,Lake Debrahaven,2024-03-29,False,12,2025-09-26 01:04:54.426342,2025-09-26 01:04:54.426342
USER_000061,michaelbrown,williampetersen@example.org,Troy,Anderson,1982-09-17,F,Swaziland,New Danielstad,2025-03-18,True,44,2025-09-26 01:04:54.426543,2025-09-26 01:04:54.426543
USER_000062,jennifernoble,bryanlang@example.com,Karen,Gonzales,1967-11-12,Other,Puerto Rico,Aaronside,2024-10-26,False,7,2025-09-26 01:04:54.426742,2025-09-26 01:04:54.426742
USER_000063,alexandersexton,nthompson@example.com,Christopher,Chandler,1954-01-24,F,Sao Tome and Principe,South Molly,2025-03-10,True,2,2025-09-26 01:04:54.426929,2025-09-26 01:04:54.426929
USER_000064,john37,john60@example.org,Barbara,Clark,1956-08-12,F,Gambia,East Pamela,2025-07-02,True,29,2025-09-26 01:04:54.427077,2025-09-26 01:04:54.427077
USER_000065,ryansteven,fcarroll@example.com,Nathan,Johnson,2007-01-29,F,Guam,South Ashleyview,2024-05-16,False,27,2025-09-26 01:04:54.427268,2025-09-26 01:04:54.427268
USER_000066,keith82,tiffany52@example.org,Sarah,Best,1995-01-21,F,Guyana,Lucasville,2024-07-16,False,26,2025-09-26 01:04:54.427416,2025-09-26 01:04:54.427416
USER_000067,igeorge,penaandrew@example.org,Ryan,Clark,1990-05-13,F,Qatar,Jeffreyfurt,2024-03-05,True,19,2025-09-26 01:04:54.427602,2025-09-26 01:04:54.427603
USER_000068,perezjose,odavenport@example.net,Kelly,Quinn,1960-04-19,Other,Palestinian Territory,South Samanthaton,2025-02-17,True,41,2025-09-26 01:04:54.427784,2025-09-26 01:04:54.427784
USER_000069,gabrielle90,ucooper@example.com,Mark,Stephenson,2005-03-21,Other,Jordan,South Jessica,2025-03-25,False,45,2025-09-26 01:04:54.427934,2025-09-26 01:04:54.427934
USER_000070,charleschang,perezjeffrey@example.org,Gail,Taylor,1999-01-09,F,Dominican Republic,West Amberside,2025-08-17,False,1,2025-09-26 01:04:54.428134,2025-09-26 01:04:54.428134
USER_000071,xjenkins,josephsosa@example.org,Christopher,Calderon,2002-12-24,F,Mauritius,Jessicashire,2024-04-05,True,25,2025-09-26 01:04:54.428313,2025-09-26 01:04:54.428313
USER_000072,amber70,frodriguez@example.com,Patricia,Valdez,1954-11-17,M,Antarctica (the territory South of 60 deg S),Lake John,2024-05-21,False,17,2025-09-26 01:04:54.428464,2025-09-26 01:04:54.428464
USER_000073,proberson,noblethomas@example.net,Kathleen,Wilson,1995-06-01,M,Lebanon,North Thomaston,2024-02-18,False,42,2025-09-26 01:04:54.428647,2025-09-26 01:04:54.428648
USER_000074,leonjennifer,smithpeter@example.org,Christina,Taylor,1962-06-28,F,Barbados,East Courtneyfort,2024-01-05,False,15,2025-09-26 01:04:54.428856,2025-09-26 01:04:54.428856
USER_000075,jenniferleon,brittany05@example.net,Sandra,Bowers,1977-04-02,Other,Micronesia,North Brittanyview,2025-01-05,False,23,2025-09-26 01:04:54.429038,2025-09-26 01:04:54.429038
USER_000076,jimenezstephen,krystalwillis@example.com,Hannah,Mack,1971-05-29,M,Niue,South Sarahchester,2025-06-10,False,1,2025-09-26 01:04:54.429239,2025-09-26 01:04:54.429239
USER_000077,toddmontgomery,msmith@example.org,Michelle,Mullen,1982-06-08,Other,Philippines,Kevinmouth,2025-04-15,False,35,2025-09-26 01:04:54.429426,2025-09-26 01:04:54.429426
USER_000078,zachary91,bcarter@example.net,Laura,Blake,1970-04-06,Other,Gambia,Kimberlyport,2024-07-29,False,22,2025-09-26 01:04:54.429575,2025-09-26 01:04:54.429575
USER_000079,bsalinas,bakerkaren@example.org,Thomas,Elliott,2007-06-25,Other,Georgia,Port Williamborough,2025-06-30,False,19,2025-09-26 01:04:54.429753,2025-09-26 01:04:54.429753
USER_000080,lanelaurie,wyang@example.net,Tammie,Cowan,2007-06-09,Other,Slovenia,Rachelchester,2024-07-30,False,45,2025-09-26 01:04:54.429929,2025-09-26 01:04:54.429929
USER_000081,bergdarlene,adamsscott@example.com,Robert,Travis,1974-12-19,Other,South Africa,North Kyleport,2025-06-18,False,37,2025-09-26 01:04:54.430126,2025-09-26 01:04:54.430126
USER_000082,phillipsjohnny,ashley36@example.org,Danielle,Burch,1956-09-12,Other,Cyprus,Laurenfort,2023-12-13,False,7,2025-09-26 01:04:54.430295,2025-09-26 01:04:54.430295
USER_000083,amberross,xmckay@example.com,Sierra,Jenkins,1977-05-14,Other,Netherlands Antilles,Lake Jennifer,2024-04-20,False,16,2025-09-26 01:04:54.430465,2025-09-26 01:04:54.430465
USER_000084,susan63,ymiller@example.org,Bryan,Sanders,1978-07-28,Other,Montenegro,Durhamport,2024-06-30,True,38,2025-09-26 01:04:54.430627,2025-09-26 01:04:54.430627
USER_000085,zjohnson,eperry@example.net,Jaime,Johnson,1984-12-25,F,Equatorial Guinea,Ellisburgh,2023-10-22,False,8,2025-09-26 01:04:54.430792,2025-09-26 01:04:54.430792
USER_000086,lesliewilliams,madeline90@example.org,Amanda,Vance,1976-04-02,M,Korea,East Jamesmouth,2024-06-08,False,7,2025-09-26 01:04:54.430974,2025-09-26 01:04:54.430974
USER_000087,jameskeith,aburns@example.org,Samantha,Aguilar,1998-12-03,F,Taiwan,North Michaelmouth,2024-01-22,True,12,2025-09-26 01:04:54.431157,2025-09-26 01:04:54.431157
USER_000088,normandaniel,cmoore@example.com,Brian,Farmer,2005-01-13,Other,Guernsey,South Julieview,2024-10-01,True,49,2025-09-26 01:04:54.431337,2025-09-26 01:04:54.431337
USER_000089,awatkins,tbailey@example.org,Heidi,Anthony,1974-03-31,F,Sierra Leone,Meganborough,2023-12-03,True,49,2025-09-26 01:04:54.431496,2025-09-26 01:04:54.431496
USER_000090,tinareid,rebeccacasey@example.com,Mary,Richardson,1989-02-02,Other,Iraq,Noahside,2024-03-02,True,30,2025-09-26 01:04:54.431702,2025-09-26 01:04:54.431702
USER_000091,kristi78,sanderson@example.com,Matthew,Cordova,1991-10-17,F,Moldova,Hallville,2025-03-14,False,4,2025-09-26 01:04:54.431864,2025-09-26 01:04:54.431864
USER_000092,erika07,ricky27@example.net,Alicia,Smith,1947-06-09,Other,Saudi Arabia,Tiffanystad,2025-04-21,False,13,2025-09-26 01:04:54.432001,2025-09-26 01:04:54.432001
USER_000093,jeffrey34,betty69@example.com,Adriana,Morgan,2007-02-10,M,Kazakhstan,South Joseview,2025-05-06,False,15,2025-09-26 01:04:54.432144,2025-09-26 01:04:54.432144
USER_000094,wrodriguez,bford@example.net,Kelsey,Lewis,1974-06-13,F,Greece,Andersonchester,2025-08-01,True,2,2025-09-26 01:04:54.432314,2025-09-26 01:04:54.432314
USER_000095,powellrobert,igarcia@example.com,Antonio,Young,1955-01-13,M,Central African Republic,Amyburgh,2025-06-05,True,11,2025-09-26 01:04:54.432488,2025-09-26 01:04:54.432488
USER_000096,wgarcia,cynthia35@example.net,Scott,Pierce,1948-10-09,Other,Saint Martin,West Zacharychester,2025-01-22,False,18,2025-09-26 01:04:54.432638,2025-09-26 01:04:54.432639
USER_000097,michael13,melissarogers@example.net,Jennifer,Hammond,1955-11-01,F,Myanmar,South Nicholas,2025-03-15,True,50,2025-09-26 01:04:54.432809,2025-09-26 01:04:54.432809
USER_000098,yperez,nathan68@example.com,David,Valentine,1987-09-03,M,Aruba,Joburgh,2024-02-17,True,33,2025-09-26 01:04:54.432956,2025-09-26 01:04:54.432956
USER_000099,rogerharrison,murphycynthia@example.net,Jesus,Smith,1956-08-23,F,Slovakia (Slovak Republic),Joshuaview,2024-04-13,False,22,2025-09-26 01:04:54.433160,2025-09-26 01:04:54.433160
USER_000100,thomas51,leahhorton@example.org,Penny,Burke,1983-12-27,Other,Congo,Parkstad,2024-05-24,True,46,2025-09-26 01:04:54.433339,2025-09-26 01:04:54.433339
USER_000101,wcosta,martinezsarah@example.net,Tyler,Vance,2003-12-09,F,Sweden,Boltonborough,2025-08-17,True,20,2025-09-26 01:04:54.433523,2025-09-26 01:04:54.433523
USER_000102,obarber,qcox@example.net,Jill,Mayer,1997-07-09,M,San Marino,Lake Heatherburgh,2025-05-15,True,42,2025-09-26 01:04:54.433683,2025-09-26 01:04:54.433683
USER_000103,kellywilliams,maryle@example.org,Noah,Hanna,1958-09-25,M,Bosnia and Herzegovina,East Jamesburgh,2025-08-08,False,47,2025-09-26 01:04:54.433886,2025-09-26 01:04:54.433886
USER_000104,nicole99,anthonygeorge@example.net,Denise,Fisher,1956-04-29,M,Gibraltar,Martinville,2024-05-13,True,13,2025-09-26 01:04:54.434064,2025-09-26 01:04:54.434065
USER_000105,aprilshort,wtaylor@example.org,Dana,Page,1952-05-02,F,French Polynesia,Port Laurie,2025-05-21,False,26,2025-09-26 01:04:54.434244,2025-09-26 01:04:54.434244
USER_000106,xpatterson,wwhite@example.com,Crystal,Solomon,1946-06-05,Other,Philippines,Rachelbury,2025-06-12,False,10,2025-09-26 01:04:54.434403,2025-09-26 01:04:54.434403
USER_000107,mnielsen,hansonkathy@example.com,Susan,Banks,1951-01-14,M,Estonia,West Jimmystad,2023-11-08,False,7,2025-09-26 01:04:54.434585,2025-09-26 01:04:54.434585
USER_000108,betty26,dylan97@example.com,Timothy,Choi,2006-06-30,M,Belize,Elizabethville,2024-09-21,True,44,2025-09-26 01:04:54.434727,2025-09-26 01:04:54.434727
USER_000109,phillip17,melissa42@example.com,Gregory,Moreno,2005-06-17,Other,Serbia,Aprilstad,2024-01-06,False,23,2025-09-26 01:04:54.434868,2025-09-26 01:04:54.434868
USER_000110,jordangriffin,nlarson@example.net,Brandon,Brown,1947-11-06,F,Mozambique,Patriciatown,2025-05-24,True,28,2025-09-26 01:04:54.435044,2025-09-26 01:04:54.435044
USER_000111,robert04,jlarson@example.org,Stephen,Hamilton,1959-07-10,F,Colombia,Elizabethburgh,2025-04-29,True,30,2025-09-26 01:04:54.435194,2025-09-26 01:04:54.435194
USER_000112,dwells,deborah72@example.net,Brett,Hall,1992-06-27,Other,United States Virgin Islands,North Ian,2024-02-12,True,18,2025-09-26 01:04:54.435344,2025-09-26 01:04:54.435344
USER_000113,seansmith,katelynjohnson@example.com,Nicholas,Cooley,1985-11-04,F,Niue,New Andrewburgh,2024-05-26,True,32,2025-09-26 01:04:54.435541,2025-09-26 01:04:54.435541
USER_000114,sespinoza,melissa16@example.com,David,Mclaughlin,2000-05-30,Other,Brazil,Rossfort,2023-10-01,True,25,2025-09-26 01:04:54.435698,2025-09-26 01:04:54.435698
USER_000115,kaylalucas,oscarjennings@example.org,Anthony,Galvan,1951-05-07,M,Belize,Hannamouth,2024-08-29,True,24,2025-09-26 01:04:54.435905,2025-09-26 01:04:54.435905
USER_000116,heather49,andreahernandez@example.net,Christopher,Bishop,1995-03-09,Other,Brunei Darussalam,North Cynthiaton,2024-07-01,True,1,2025-09-26 01:04:54.436076,2025-09-26 01:04:54.436076
USER_000117,richmondryan,nicole72@example.org,Wendy,Pearson,1976-04-20,Other,Egypt,Galvanborough,2024-10-22,True,46,2025-09-26 01:04:54.436254,2025-09-26 01:04:54.436254
USER_000118,walshjames,marcmoore@example.com,Debra,Brooks,1959-09-27,Other,Sierra Leone,New Anthony,2025-06-18,True,29,2025-09-26 01:04:54.436452,2025-09-26 01:04:54.436453
USER_000119,uscott,aaron58@example.org,James,Hall,1954-09-16,F,Albania,West Wesleybury,2025-06-16,False,25,2025-09-26 01:04:54.436604,2025-09-26 01:04:54.436605
USER_000120,burgessamy,davisjames@example.com,Brittany,Brooks,1975-05-16,F,Italy,Doughertyfort,2025-04-02,False,7,2025-09-26 01:04:54.436815,2025-09-26 01:04:54.436815
USER_000121,thomasmary,daniel12@example.net,Kaitlin,Phillips,1984-07-03,F,Cook Islands,North Andrew,2024-12-04,True,2,2025-09-26 01:04:54.436986,2025-09-26 01:04:54.436986
USER_000122,glopez,martinallison@example.org,Mary,Davis,1984-01-09,Other,Saint Lucia,Lisaborough,2025-04-03,False,44,2025-09-26 01:04:54.437164,2025-09-26 01:04:54.437164
USER_000123,ashleybrown,daniel99@example.org,Adam,Tyler,1993-07-05,M,Honduras,Moniqueton,2025-04-24,True,4,2025-09-26 01:04:54.437345,2025-09-26 01:04:54.437345
USER_000124,rbryant,laura43@example.net,Willie,Vasquez,1975-07-14,M,Palestinian Territory,North Samanthahaven,2024-03-04,False,17,2025-09-26 01:04:54.437496,2025-09-26 01:04:54.437496
USER_000125,rcoffey,sherri88@example.org,William,Garcia,1975-07-16,M,Anguilla,Harveymouth,2023-12-09,False,0,2025-09-26 01:04:54.437654,2025-09-26 01:04:54.437654
USER_000126,holmessamantha,brownderek@example.com,Wanda,Morris,1946-06-26,Other,Liberia,Port Thomas,2024-07-16,True,49,2025-09-26 01:04:54.437854,2025-09-26 01:04:54.437854
USER_000127,dhill,morrisallen@example.com,Scott,Vargas,1951-03-02,F,Saint Pierre and Miquelon,Petersonside,2025-09-13,False,37,2025-09-26 01:04:54.438040,2025-09-26 01:04:54.438041
USER_000128,ubrooks,fgilbert@example.org,Jessica,Zimmerman,1971-08-15,Other,Kyrgyz Republic,New Laurenhaven,2024-05-22,True,23,2025-09-26 01:04:54.438204,2025-09-26 01:04:54.438204
USER_000129,pgarcia,anthony93@example.com,Jared,Owens,2001-06-07,Other,Namibia,Haydenmouth,2025-05-14,False,50,2025-09-26 01:04:54.438367,2025-09-26 01:04:54.438367
USER_000130,jgillespie,lopezjeremiah@example.org,Carolyn,Evans,1986-08-29,F,Argentina,Parkerhaven,2024-01-24,False,11,2025-09-26 01:04:54.438548,2025-09-26 01:04:54.438548
USER_000131,heather83,nicolelopez@example.org,Willie,Jones,1997-03-19,F,Niger,West Patrick,2024-12-28,True,24,2025-09-26 01:04:54.438718,2025-09-26 01:04:54.438718
USER_000132,olivia41,qgolden@example.org,Nancy,Gentry,1951-04-01,F,Guinea-Bissau,Lake Sylvia,2023-11-19,False,29,2025-09-26 01:04:54.438870,2025-09-26 01:04:54.438870
USER_000133,heatherwhite,matthew44@example.org,Laurie,Freeman,1984-07-06,F,Serbia,Georgetown,2025-04-20,True,47,2025-09-26 01:04:54.439049,2025-09-26 01:04:54.439049
USER_000134,calderonchristopher,millerwhitney@example.net,Lindsay,Clark,1945-12-08,Other,Nicaragua,South Joseph,2024-11-21,True,17,2025-09-26 01:04:54.439248,2025-09-26 01:04:54.439249
USER_000135,millermatthew,scottjames@example.net,Lisa,Jimenez,1980-06-24,M,Anguilla,Trevinofort,2024-12-23,False,9,2025-09-26 01:04:54.439458,2025-09-26 01:04:54.439458
USER_000136,hfarmer,joseph70@example.org,Kelly,Wallace,1983-05-01,M,Yemen,South Kathrynfurt,2025-05-06,True,33,2025-09-26 01:04:54.439609,2025-09-26 01:04:54.439609
USER_000137,colonsarah,royjohnson@example.org,Andrew,Roberts,1973-07-29,F,Guadeloupe,New Jayton,2024-08-26,False,43,2025-09-26 01:04:54.439809,2025-09-26 01:04:54.439809
USER_000138,jefferyking,allenshawn@example.net,Joseph,Howe,2006-10-20,F,Heard Island and McDonald Islands,Paulview,2023-11-27,False,27,2025-09-26 01:04:54.440011,2025-09-26 01:04:54.440011
USER_000139,joshuagallegos,katherinelee@example.net,Dawn,Bowen,1957-05-13,F,Mauritius,South Nichole,2023-10-06,False,22,2025-09-26 01:04:54.440218,2025-09-26 01:04:54.440219
USER_000140,ashleybaldwin,urodriguez@example.org,Kathleen,Mason,1970-06-27,F,Bulgaria,Port Jacquelineside,2024-10-20,False,27,2025-09-26 01:04:54.440399,2025-09-26 01:04:54.440399
USER_000141,jmccarthy,ibraun@example.com,Brett,Zamora,1976-11-27,M,Iceland,West Sandra,2024-05-21,True,13,2025-09-26 01:04:54.440557,2025-09-26 01:04:54.440557
USER_000142,amy03,travismelendez@example.org,Brent,Cordova,1999-11-11,M,Uruguay,Hornhaven,2023-12-29,False,38,2025-09-26 01:04:54.440738,2025-09-26 01:04:54.440738
USER_000143,zyoung,brettyoung@example.com,Mary,Pearson,1987-06-27,M,Samoa,West Kylehaven,2025-06-23,True,11,2025-09-26 01:04:54.440926,2025-09-26 01:04:54.440926
USER_000144,stevensleslie,jamesortiz@example.org,Curtis,Graham,1957-09-02,M,Saint Lucia,New Sierraton,2024-01-17,True,16,2025-09-26 01:04:54.441127,2025-09-26 01:04:54.441127
USER_000145,collinsjoseph,kevinlong@example.net,Mike,Taylor,1954-01-11,M,Turkmenistan,East Anthonyton,2025-01-16,False,24,2025-09-26 01:04:54.441327,2025-09-26 01:04:54.441327
USER_000146,amanda27,collinsdonald@example.org,Michael,Berry,1948-12-20,M,Lao People's Democratic Republic,Lake Veronicaton,2023-12-16,False,37,2025-09-26 01:04:54.441498,2025-09-26 01:04:54.441498
USER_000147,elizabethnelson,angelaparker@example.net,John,Smith,1979-08-21,F,Saint Lucia,South Jessica,2024-04-01,False,35,2025-09-26 01:04:54.441698,2025-09-26 01:04:54.441698
USER_000148,nataliefrancis,franktanner@example.org,Rachel,Watson,1996-04-11,Other,Azerbaijan,North Gwendolyn,2024-05-01,True,13,2025-09-26 01:04:54.441896,2025-09-26 01:04:54.441897
USER_000149,loweryjeanne,smithrichard@example.com,John,Simpson,2001-09-02,F,Tanzania,Aaronmouth,2024-09-21,True,18,2025-09-26 01:04:54.442094,2025-09-26 01:04:54.442094
USER_000150,lmartinez,michaelyang@example.com,Andrea,Day,1995-03-30,Other,Monaco,Lake Terri,2024-09-09,False,9,2025-09-26 01:04:54.442276,2025-09-26 01:04:54.442276
USER_000151,cantrellmarie,iwheeler@example.net,Sheryl,Graham,1973-11-25,Other,India,Sanchezburgh,2024-12-12,True,31,2025-09-26 01:04:54.442461,2025-09-26 01:04:54.442462
USER_000152,shannon38,williamsmichael@example.org,Clifford,Martinez,2006-10-13,F,Bhutan,West Autumnshire,2024-05-18,True,21,2025-09-26 01:04:54.442633,2025-09-26 01:04:54.442633
USER_000153,qhunter,fking@example.com,Anna,Wilson,2002-03-31,M,United Kingdom,East Brianville,2024-10-24,True,47,2025-09-26 01:04:54.442850,2025-09-26 01:04:54.442850
USER_000154,kelseyrogers,ritahernandez@example.net,Gina,Marshall,1966-01-22,M,Cyprus,Deanchester,2024-08-22,True,43,2025-09-26 01:04:54.443067,2025-09-26 01:04:54.443067
USER_000155,justin96,jason33@example.org,Paul,Rivera,1966-01-08,F,Kazakhstan,New Mario,2024-08-12,True,3,2025-09-26 01:04:54.443211,2025-09-26 01:04:54.443211
USER_000156,josephdrake,greenjamie@example.com,Grace,Rogers,1995-08-26,F,Paraguay,West Paul,2025-02-07,True,22,2025-09-26 01:04:54.443421,2025-09-26 01:04:54.443421
USER_000157,angela05,madeline70@example.org,Angela,Hicks,1980-03-25,Other,British Indian Ocean Territory (Chagos Archipelago),West Melissastad,2025-03-21,True,13,2025-09-26 01:04:54.443571,2025-09-26 01:04:54.443571
USER_000158,tcoleman,karengriffith@example.org,Michael,Clark,1980-03-11,Other,Latvia,Jameston,2025-05-07,True,21,2025-09-26 01:04:54.443729,2025-09-26 01:04:54.443729
USER_000159,shannon17,sarahanderson@example.org,Michael,Bell,1979-08-07,F,Costa Rica,New Lisa,2023-10-31,False,27,2025-09-26 01:04:54.443881,2025-09-26 01:04:54.443881
USER_000160,lawrencechristopher,myerseric@example.org,Valerie,Jenkins,1955-05-18,F,Israel,Blackshire,2023-10-12,False,4,2025-09-26 01:04:54.444065,2025-09-26 01:04:54.444065
USER_000161,curtisrobert,dancurtis@example.org,Sharon,French,1991-04-02,M,Sao Tome and Principe,Murphyfort,2025-05-29,False,15,2025-09-26 01:04:54.444250,2025-09-26 01:04:54.444250
USER_000162,xrussell,pattersonsarah@example.com,Crystal,Hart,1951-06-14,M,Chile,Kellyville,2025-01-30,True,47,2025-09-26 01:04:54.444408,2025-09-26 01:04:54.444408
USER_000163,heather06,virginiapage@example.net,Vincent,Rangel,1991-12-13,F,Tunisia,Deannaburgh,2025-03-05,False,35,2025-09-26 01:04:54.444557,2025-09-26 01:04:54.444557
USER_000164,caitlin45,omiller@example.org,Alexandra,Holder,1979-08-27,F,Latvia,Lake Joanne,2025-08-26,True,4,2025-09-26 01:04:54.444688,2025-09-26 01:04:54.444688
USER_000165,johnclay,nphillips@example.org,Jason,Bullock,2003-02-12,Other,Lithuania,Lake Spencerside,2025-01-28,False,0,2025-09-26 01:04:54.444853,2025-09-26 01:04:54.444853
USER_000166,robertboyd,maxwell90@example.net,Brianna,Schwartz,1990-07-13,Other,Belgium,Scotttown,2025-02-21,False,35,2025-09-26 01:04:54.445001,2025-09-26 01:04:54.445001
USER_000167,vsingleton,phillip42@example.net,Johnny,Patel,1955-06-05,F,Lao People's Democratic Republic,Samanthafort,2025-08-06,True,29,2025-09-26 01:04:54.445132,2025-09-26 01:04:54.445133
USER_000168,lbrown,shanehampton@example.net,Nicholas,Mueller,1960-08-21,M,Reunion,Rossmouth,2024-05-03,False,36,2025-09-26 01:04:54.445301,2025-09-26 01:04:54.445301
USER_000169,sandovaldeborah,nglover@example.org,Jessica,Ross,1961-12-23,Other,Bermuda,North Anthony,2024-07-30,True,25,2025-09-26 01:04:54.445465,2025-09-26 01:04:54.445465
USER_000170,kim89,georgesally@example.org,Michael,Knox,1953-12-15,F,San Marino,New Angiefurt,2024-11-15,True,4,2025-09-26 01:04:54.445628,2025-09-26 01:04:54.445628
USER_000171,charles73,morgan16@example.net,Elizabeth,Williams,1990-10-11,F,Libyan Arab Jamahiriya,South Sarah,2025-04-18,True,23,2025-09-26 01:04:54.445765,2025-09-26 01:04:54.445765
USER_000172,flemingteresa,jessicalewis@example.com,Allen,Shepherd,1945-06-16,Other,United States of America,Perezland,2025-04-24,False,25,2025-09-26 01:04:54.445949,2025-09-26 01:04:54.445949
USER_000173,kimberly00,collinsgabriel@example.com,Michelle,Boyd,1973-09-18,Other,Croatia,Singhmouth,2024-06-11,True,24,2025-09-26 01:04:54.446105,2025-09-26 01:04:54.446105
USER_000174,sullivantimothy,crystalhuber@example.org,Jay,Ferguson,1957-12-24,M,Greenland,Fisherfurt,2025-03-15,True,27,2025-09-26 01:04:54.446294,2025-09-26 01:04:54.446295
USER_000175,tanner78,mariasullivan@example.net,Luis,Rodriguez,2002-12-18,Other,Costa Rica,Lake Philip,2024-02-10,False,8,2025-09-26 01:04:54.446450,2025-09-26 01:04:54.446450
USER_000176,robert33,margaret54@example.com,Deborah,Hughes,1988-07-02,M,Saint Barthelemy,Murilloberg,2025-09-20,True,21,2025-09-26 01:04:54.446590,2025-09-26 01:04:54.446590
USER_000177,millersara,conniestone@example.org,Stacey,Reyes,2000-01-08,F,Guernsey,South Tara,2025-06-16,True,25,2025-09-26 01:04:54.446783,2025-09-26 01:04:54.446783
USER_000178,zblackburn,umendez@example.org,Shannon,Williams,1998-03-02,M,South Africa,Port Carriebury,2024-02-26,True,50,2025-09-26 01:04:54.446930,2025-09-26 01:04:54.446930
USER_000179,bdavis,keithbrittany@example.org,Courtney,Baldwin,1980-05-08,Other,Cuba,Johnsonhaven,2024-05-17,False,15,2025-09-26 01:04:54.447098,2025-09-26 01:04:54.447098
USER_000180,emilygonzalez,kellyreynolds@example.net,James,Brandt,1981-04-30,M,French Polynesia,Jordanbury,2025-04-12,True,19,2025-09-26 01:04:54.447298,2025-09-26 01:04:54.447298
USER_000181,savannah75,teresa53@example.com,Isaac,Cooper,1976-03-21,M,Syrian Arab Republic,Johnsonborough,2024-10-19,False,30,2025-09-26 01:04:54.447436,2025-09-26 01:04:54.447436
USER_000182,mendozajeffrey,sheilahester@example.com,Alice,Diaz,1976-05-08,F,Jordan,Hannafort,2025-06-03,False,50,2025-09-26 01:04:54.447626,2025-09-26 01:04:54.447626
USER_000183,sharmon,zcannon@example.org,Andre,Davis,1949-02-21,M,Guyana,Bryanthaven,2025-03-28,True,28,2025-09-26 01:04:54.447788,2025-09-26 01:04:54.447788
USER_000184,lisasmith,ramseyjohn@example.com,Bradley,Carlson,1958-03-13,M,Armenia,Donnaland,2025-08-09,True,47,2025-09-26 01:04:54.447970,2025-09-26 01:04:54.447970
USER_000185,daniel67,sholt@example.org,Jesse,Allen,1963-04-04,Other,Germany,South Zachary,2024-08-16,False,19,2025-09-26 01:04:54.448118,2025-09-26 01:04:54.448119
USER_000186,greenmatthew,paul29@example.org,Randy,Johns,1996-01-22,M,Solomon Islands,Maloneville,2025-07-07,False,41,2025-09-26 01:04:54.448291,2025-09-26 01:04:54.448292
USER_000187,wayne27,dmcclure@example.net,Stephanie,James,1992-02-01,Other,Ukraine,New Kathybury,2025-01-03,True,30,2025-09-26 01:04:54.448426,2025-09-26 01:04:54.448427
USER_000188,robinsonroger,greenepatricia@example.org,Kayla,Rodriguez,1945-04-24,F,Latvia,New Ryanbury,2024-04-12,True,26,2025-09-26 01:04:54.448612,2025-09-26 01:04:54.448613
USER_000189,johnsontodd,wilsonanthony@example.net,Courtney,Wheeler,1957-09-10,M,Aruba,Lake Erin,2023-10-13,True,3,2025-09-26 01:04:54.448804,2025-09-26 01:04:54.448804
USER_000190,elambert,lisaturner@example.net,Courtney,Herrera,1992-12-18,M,Bhutan,South Regina,2024-12-22,False,27,2025-09-26 01:04:54.448967,2025-09-26 01:04:54.448967
USER_000191,debbie54,penningtoncrystal@example.com,Andrew,Ramirez,1990-04-15,Other,Slovenia,Crosbymouth,2024-08-08,True,29,2025-09-26 01:04:54.449229,2025-09-26 01:04:54.449230
USER_000192,tyler67,garrett82@example.org,Kenneth,Yates,1948-05-12,Other,Bhutan,Thomaschester,2025-02-20,True,48,2025-09-26 01:04:54.449374,2025-09-26 01:04:54.449374
USER_000193,mcguirejill,wevans@example.com,Michael,Roberson,1947-05-27,Other,Montenegro,North Cheryl,2025-04-12,True,14,2025-09-26 01:04:54.449547,2025-09-26 01:04:54.449548
USER_000194,ggilmore,brian82@example.org,Casey,Garcia,2007-09-14,M,Faroe Islands,Campbellville,2024-04-15,True,22,2025-09-26 01:04:54.449702,2025-09-26 01:04:54.449702
USER_000195,dawnkramer,brad83@example.net,Sarah,Guzman,1980-04-11,F,Grenada,Browntown,2025-02-22,True,15,2025-09-26 01:04:54.449878,2025-09-26 01:04:54.449878
USER_000196,dlee,stacy73@example.com,Vanessa,Hancock,1949-07-09,F,Nicaragua,Port Melissa,2025-03-11,False,24,2025-09-26 01:04:54.450019,2025-09-26 01:04:54.450019
USER_000197,smithjordan,yjohnson@example.com,Rebecca,Suarez,1970-08-07,F,Croatia,Wallaceland,2025-03-24,False,18,2025-09-26 01:04:54.450193,2025-09-26 01:04:54.450193
USER_000198,richardweeks,carrkari@example.com,Erin,Carroll,1986-04-21,M,Saint Martin,East Shawn,2024-02-27,False,28,2025-09-26 01:04:54.450377,2025-09-26 01:04:54.450378
USER_000199,kimberly66,angela77@example.org,Katelyn,Wilcox,1954-09-09,Other,United States Virgin Islands,Walkertown,2025-01-18,True,50,2025-09-26 01:04:54.450517,2025-09-26 01:04:54.450517
USER_000200,tsilva,merrittchristopher@example.org,Cristian,Gibson,1949-10-16,M,Bouvet Island (Bouvetoya),Lake Kristinfort,2025-05-16,True,10,2025-09-26 01:04:54.450684,2025-09-26 01:04:54.450684
