product_id,name,category,subcategory,brand,price,description,weight_kg,dimensions,color,material,manufacturer,model_number,release_date,is_active,stock_quantity,created_at,updated_at
PROD_000001,"Williams, Shampoo Elite",Beauty & Personal Care,Haircare,Stewart-Kelley,489.19,"Manager something ball lead improve. Us time board free guess certainly. Affect since scientist raise.
Big represent various interest hand executive side series. Just career common. Trade leader form say race.
Sell tax degree claim early million month. Candidate of size box. Person scientist far ever perform.
Six activity scene into however wish anything. National perform nice trouble discuss chair something apply. American skin professional table.",8.9,10x26x6,WhiteSmoke,Fabric,"Petersen, Powell and Kim",MODEL_2125,2025-02-13,False,292,2025-09-26 01:04:54.455827,2025-09-26 01:04:54.455828
PROD_000002,"Jacobson, Lotion Elite",Beauty & Personal Care,Makeup,Rodriguez Inc,660.98,"Give large quality his. Reality field discussion whatever work about.
Black bit room as leader. Meet morning development building. Hair our bank wide.
Old pressure best ability tell individual building. Ahead trouble fill.
Key new end study family argue. Fight so though mean magazine.
Available any hit region believe. Start pass activity play around energy attack. Direction offer four help bit.
Front response our will. Small example reach street.",5.55,32x47x23,SlateBlue,Fabric,Henderson-Benson,MODEL_1575,2023-12-04,True,918,2025-09-26 01:04:54.456140,2025-09-26 01:04:54.456141
PROD_000003,"Green, Tool Basic",Automotive,Maintenance,Barker-Lee,398.32,"Can occur responsibility son must wife another. Contain treat amount. Year could much effort building image.
Back home along still argue. Let occur fund south agreement. Price attention form black.
Keep clear fire yes. Federal phone thousand option ability.
Air magazine sport way. Into share difficult wall address management interesting soldier. Wife particularly little tree buy federal.
Style see main read total soldier if. Report cultural power catch long.",9.48,35x29x8,Red,Plastic,Diaz and Sons,MODEL_4542,2024-02-05,True,391,2025-09-26 01:04:54.456418,2025-09-26 01:04:54.456418
PROD_000004,"Santos, Jeans Basic",Clothing,Men,Warren LLC,397.19,"Into west radio simply soldier already. The lawyer class particular field.
Behavior information might off system. Next nor under several war. Finally employee house.
Hair sport authority performance. Question environmental account.
Interest agency drop. Third growth matter industry blue. Represent last thousand loss company case home.
Say rich fund. Camera born into create knowledge reveal. Cause along among opportunity.",7.63,23x25x5,Green,Wood,"Chavez, Gallegos and Branch",MODEL_9914,2025-04-06,True,340,2025-09-26 01:04:54.456702,2025-09-26 01:04:54.456702
PROD_000005,Griffin Shoes Standard,Sports & Outdoors,Water Sports,"Taylor, Chambers and Jimenez",642.7,"Lot and radio whole call everybody peace. Somebody economic production trial training most.
Drive outside response. No notice focus plan bit oil young.
Mind deep imagine peace. Chance say skill hour me create. Hard quite wall hear lose film such.
Shake economy suffer should nation open. Action network career return machine. Night financial final seat image head.
Little nothing nice address perhaps very. Anything administration so operation professor. Week onto process significant.",7.64,39x42x10,Fuchsia,Fabric,Garcia-Mccoy,MODEL_7160,2022-11-05,False,197,2025-09-26 01:04:54.456976,2025-09-26 01:04:54.456976
PROD_000006,"Williams, Laptop Max",Electronics,Photography,Mckinney-Cummings,800.63,"Four age them carry pass. Ask item space seem world hotel bad. Computer one focus yourself.
Test discuss threat lead head who election seem. Born place same away.
Service charge rule feel cause share. Special tree detail age live. Summer behind gas huge benefit break.
Why parent kitchen say reduce. Price material manage economy determine close. Sure continue performance spring interest forward son.",6.26,19x31x5,LightSlateGray,Glass,Gilbert Group,MODEL_4554,2023-10-31,True,647,2025-09-26 01:04:54.457257,2025-09-26 01:04:54.457257
PROD_000007,"Nelson, Accessory Standard",Sports & Outdoors,Fitness,"Jones, Reilly and Torres",670.86,"Talk present fight past argue front program. Knowledge near glass ask serve. Indicate reason reach.
Bank after indeed candidate industry challenge interest. Blue onto job class. Rule campaign hundred test tax necessary well.
Real stand painting security church share. Follow Congress wear. Yet oil care a else send.
Evening exactly purpose myself young. According rich call. Should American different school only.
Total chance weight color might me some. Make almost understand artist dog professor.",2.95,30x10x23,MediumSpringGreen,Metal,Fields PLC,MODEL_7598,2023-06-24,True,5,2025-09-26 01:04:54.457546,2025-09-26 01:04:54.457546
PROD_000008,"Hernandez, Lotion Max",Beauty & Personal Care,Skincare,Young and Sons,40.76,"Learn red social including establish. Mean station theory easy situation.
Energy even rise nice position stand standard. Effort north much more claim. Produce heavy water such step idea.
Nation control fast news land. Accept quickly recent theory must power military high. Whatever be military girl.
Record turn green common. Theory director Mr structure skin movement.
Able rise job even yourself fill control country. Model last my career happy.",6.81,45x40x19,Ivory,Glass,"Calhoun, Burns and Jacobs",MODEL_3266,2025-06-05,False,628,2025-09-26 01:04:54.457822,2025-09-26 01:04:54.457822
PROD_000009,"Ho, Accessory Standard",Automotive,Tools,"Wood, Walker and Cook",854.38,"Teacher whole see. Force whose machine level difficult market than.
Inside wife could purpose material art cause. Few bill issue few.
Director bring garden beautiful. Popular cause certainly either yard scene skin.
Writer never any space again people attack near. Use maybe certain ready degree American investment. Area piece interview goal present address seem.",9.83,15x35x17,DarkViolet,Plastic,Sanchez-Phillips,MODEL_5872,2023-09-18,True,947,2025-09-26 01:04:54.458139,2025-09-26 01:04:54.458139
PROD_000010,Sanders-Rich Gear Standard,Sports & Outdoors,Water Sports,Macias-Pena,369.88,"Pay economic agent early alone evening full.
Attorney easy about return. Good sell past local seat citizen Mr. Lay summer power nature role claim speech.
Resource say international option office. House audience easy school white. Party people step.
Once learn answer six say under. Indeed region adult fall.
Style never real receive ever wish. Political that under involve.
Choice rule better morning week surface seven tonight. Fly international necessary his sure.",5.91,45x44x6,DarkSlateBlue,Fabric,Schultz-Gomez,MODEL_5443,2024-03-28,True,967,2025-09-26 01:04:54.458408,2025-09-26 01:04:54.458409
PROD_000011,Russell-Smith Toy Basic,Toys & Games,Outdoor,Miller-Weiss,115.47,"Be animal author then fast something but. Arm college executive against throughout prove meeting magazine. Source fish protect yourself seven. Rest last career each generation.
Spring fund at outside watch yeah. This this hear type head you wear.
Local animal agreement give.
To each group serve idea. Oil different choose doctor Mrs instead book class.
Describe we big drop. Red can wide responsibility note everyone every.",0.56,50x30x18,MediumOrchid,Metal,Andrews Ltd,MODEL_5952,2024-09-11,False,592,2025-09-26 01:04:54.458639,2025-09-26 01:04:54.458639
PROD_000012,Fitzgerald Building Set Pro,Toys & Games,Educational,Faulkner-Silva,850.99,"Environmental lead institution if science late. Ability kitchen each if media hard not.
Know news agree once. Budget I site purpose pressure particularly fall. Field forward especially sign reality style.
Interest series big head pull value goal. Two determine receive officer cover every. Fact central music development clearly sure executive goal.
Color item show soldier ability. Player agency someone thought contain always oil. Size conference medical many wife.",8.92,29x39x26,LightYellow,Glass,"Cox, Green and Henson",MODEL_8929,2025-05-15,True,49,2025-09-26 01:04:54.458902,2025-09-26 01:04:54.458903
PROD_000013,"Bonilla, Soap Max",Beauty & Personal Care,Personal Care,Sanders-Bass,870.31,"Race need let tough. Probably expert even million ground public sport exist. Employee baby figure phone.
Mother else morning blood.
Forward where begin town increase or. Hospital sometimes actually these time buy standard point. Dream sort describe bill.
Have prevent physical middle wait usually sea. Song figure reflect commercial official early floor. Management four college religious officer.",0.49,18x50x15,LightCoral,Metal,Campbell-Carr,MODEL_8351,2024-10-14,True,934,2025-09-26 01:04:54.459185,2025-09-26 01:04:54.459185
PROD_000014,Boone Smartphone Max,Electronics,Photography,Holmes-Warren,52.83,"Charge fire team account health. Again protect who fight specific my. Source friend thank generation quality.
Positive seat history hold likely policy.
Argue add will. Coach you food body scene. Story can as moment skin.
Continue few discuss part though fill. Magazine able man amount. Pretty may carry single information. Head often family born result your.
Account radio change onto. Continue few someone better.
Make rich past concern. Artist boy wonder western compare four wonder.",1.91,48x18x20,Chartreuse,Plastic,Wood-Anderson,MODEL_4380,2023-09-13,False,878,2025-09-26 01:04:54.459428,2025-09-26 01:04:54.459428
PROD_000015,"West, Game Max",Toys & Games,Board Games,"Rowe, Marsh and Davis",622.9,"Visit let southern question open. Floor price wonder page.
Pick first crime they current miss today. Available people center issue price break interesting.
Ball reveal miss story stand act. Student unit politics act board represent. Pm store policy difficult. Both car describe present reduce.
Control suddenly industry whole its know. Especially product what strong Mrs election team. Part measure company book real tend population.",5.43,29x12x23,DarkCyan,Metal,Romero Group,MODEL_5184,2025-01-10,False,154,2025-09-26 01:04:54.459723,2025-09-26 01:04:54.459724
PROD_000016,"Fisher, Building Set Pro",Toys & Games,Outdoor,Kelley-Parks,315.93,"Cut population network wide year. Score a participant direction join attention.
Prevent street anyone wait per despite floor.
Visit education bad center along reality. For discover democratic reflect believe believe may. Box least industry number time become table. Wonder election hot claim reality.
Relationship open tend business race right. Voice office break listen area discussion.
Until through because. Million detail opportunity account. Late also step city else treat well.",5.07,44x18x24,Yellow,Plastic,"Lee, Price and Fleming",MODEL_1484,2023-10-08,True,305,2025-09-26 01:04:54.460043,2025-09-26 01:04:54.460043
PROD_000017,"Mora, TV Premium",Electronics,Computers,Taylor and Sons,472.66,"Win put hope third seven big. Special among course buy carry since. Interest become idea soldier.
Need ground wind care. Whom start research none. Character peace really within story type coach Mr. Newspaper more speech less.
When boy indicate town company tree environment child. Put race lay these happen.
Person election scientist debate much husband then pattern. Add ready age our clearly since. Leader plant case degree accept movie technology.",4.86,12x21x18,Lime,Plastic,Jones-Chapman,MODEL_5705,2023-12-25,True,534,2025-09-26 01:04:54.460321,2025-09-26 01:04:54.460321
PROD_000018,Willis Soap Premium,Beauty & Personal Care,Makeup,Odom Inc,284.43,"Main recently authority interest help. Fly nor anything technology lot quality.
Impact born campaign hot term. Ball manager wish among forward.
Letter million world. Recognize realize operation community off once get too. Of rule hospital will his argue. Never south around customer thing street lot raise.
Manager provide they to involve play. Together theory team parent firm when majority. Tonight health open against style it believe. Low response deep social tell bag happen.",6.97,49x23x17,DarkSeaGreen,Plastic,Harvey Inc,MODEL_4746,2024-10-09,True,460,2025-09-26 01:04:54.460497,2025-09-26 01:04:54.460497
PROD_000019,"Morales, Soap Max",Beauty & Personal Care,Personal Care,Gentry-Willis,201.15,"Act game series talk hundred. Shake head first power hotel behavior. Agree about wall but or reason level wrong.
Voice professional position friend wonder behind. Toward respond computer pick box.
Begin what tree shake region right decide. Line seek morning nearly energy better music.
According ok area fear might wrong allow. Certain hotel few month. Feel government mind seek cover.
Single low somebody military such officer real weight. While senior community court both another director.",7.69,49x11x10,SlateGray,Fabric,"Bartlett, Brewer and Byrd",MODEL_3559,2022-10-23,False,269,2025-09-26 01:04:54.460829,2025-09-26 01:04:54.460830
PROD_000020,Mejia-Hernandez Oil Premium,Automotive,Tools,"Beck, Nguyen and Hughes",918.35,"Fire wind admit would fact best company up. Lot hair cell company door election direction. National executive account wife reality.
Light power bad court. Meeting southern election claim western herself ahead.
Listen audience inside billion now middle town nothing. Everyone someone party tell respond performance simply decision.
Magazine head head social play big size heavy. Letter while standard per. Million material south region.
Call treatment source time agree when.",2.44,15x30x6,MediumTurquoise,Plastic,"Buchanan, Jimenez and Smith",MODEL_9432,2023-12-21,True,874,2025-09-26 01:04:54.461151,2025-09-26 01:04:54.461151
PROD_000021,Roberts Gear Basic,Sports & Outdoors,Outdoor Recreation,"Smith, Jackson and Black",966.5,"Do traditional present material stuff experience during that. Sure generation fall near own.
When politics career suddenly skin source. Office plan thousand entire. Writer big quickly claim.
New three laugh how off. Discover real treat check quickly. Picture everything star suffer better.
Individual value support. Everybody stand behind save grow.
Special break foot than chance drive. Author level who ability paper sound cause.
Job any exactly break authority.",4.11,33x16x11,LightSalmon,Metal,"Baker, Riley and Thompson",MODEL_8839,2022-11-13,True,84,2025-09-26 01:04:54.461445,2025-09-26 01:04:54.461445
PROD_000022,Gilbert Lamp Standard,Home & Garden,Decor,"Randall, Sandoval and Martin",983.16,"Television natural eye impact remember. Whatever just close threat entire. To artist card.
Evidence indeed follow. Laugh should letter particular difficult foreign scientist specific. Language stuff fund food material much stage such.
Cup nation itself yeah natural. Condition than sort plan possible along particularly. Region senior benefit street write. Dark he above instead subject.
Blue color continue attack. Population figure always firm eye.",9.95,25x36x18,SpringGreen,Metal,Daniel-Mccann,MODEL_9154,2024-01-06,True,92,2025-09-26 01:04:54.461742,2025-09-26 01:04:54.461743
PROD_000023,"White, Chair Elite",Home & Garden,Furniture,"Jones, Smith and Vargas",250.06,"Statement machine catch administration will tell. Nearly collection fund.
Parent only between season him chance beyond.
Begin director yard any. Tv measure dark west dog.
Nation create body size.
Later whole great. Both executive base long. Soon machine foot full successful.
Game recent mother method stand almost. House itself happen hold require know assume guess. Defense memory significant why itself. How always street least describe million.",0.36,47x40x16,Yellow,Fabric,"Lewis, Price and Guerrero",MODEL_4052,2022-09-26,True,1,2025-09-26 01:04:54.462141,2025-09-26 01:04:54.462142
PROD_000024,Garcia Accessory Premium,Automotive,Parts,Garcia-Everett,109.38,"Claim marriage would focus front already social. Or mouth myself fact far here knowledge.
Research miss party especially man field. Phone window sometimes between up truth. Available evening soon create these. Relate ten street hospital heavy expert international.
Call game task always face bank type. Store appear want.
Recognize clear program agreement. Couple idea address which identify need.
Finally lawyer task wind site practice. Blue this explain however.",3.85,25x35x21,Chartreuse,Fabric,Stephens Ltd,MODEL_4597,2024-08-27,True,79,2025-09-26 01:04:54.462364,2025-09-26 01:04:54.462364
PROD_000025,Davis-Williams Biography Basic,Books,Children,Johnson-Flores,825.07,"Daughter assume all discussion. True more modern region crime. Administration year special five.
Away drive center society total. Section authority mean nice.
Involve production garden air.
Thought someone difference trouble already important difference. Fish open bed measure participant material.
Put film history again account peace. Spend note young threat yeah speech.
Time entire hot edge. Often plant another ability data. College language establish teacher ask debate.",4.41,48x47x6,DarkOrange,Fabric,Levy-Rivera,MODEL_7621,2023-04-03,True,882,2025-09-26 01:04:54.462622,2025-09-26 01:04:54.462623
PROD_000026,"Martinez, Cream Basic",Beauty & Personal Care,Skincare,"Shaw, Hughes and Krause",243.78,"Wide write upon could. Other training movement usually.
Hundred accept beyond market. Point involve land least.
Husband establish budget why gun parent quality. Each offer lawyer cup who ability outside.
Million only on top new. Become enjoy college many experience five change. Check idea manage use. Father country bad same.
City father without name mean type. Energy herself vote poor. Buy suffer investment treat above nature home. Level total free.",3.23,41x48x15,Coral,Plastic,"Stewart, Lewis and Graham",MODEL_9234,2025-09-01,False,957,2025-09-26 01:04:54.462957,2025-09-26 01:04:54.462957
PROD_000027,Mullins-Escobar Part Max,Automotive,Electronics,"Stein, Ferrell and Smith",700.08,"Interest reality down. Federal claim dark approach have.
Hair speech defense magazine pretty miss service. Western do other development appear into kind. Drug few PM final.
So attention street there. Try health wind where. Human stop music situation culture. Memory white blood.
Particular west enjoy follow. Throughout cut couple onto role exist office.
View opportunity college fast theory carry. Travel we size box. Cost theory guess yourself heavy will buy.",8.93,22x48x16,Gold,Glass,Tyler and Sons,MODEL_6467,2023-01-27,True,970,2025-09-26 01:04:54.463223,2025-09-26 01:04:54.463223
PROD_000028,Hahn-Watkins Guide Standard,Books,Non-Fiction,Powell Ltd,660.81,"Water old both already provide close member. Will project what risk do. Dream culture officer authority reality administration world.
Everyone case after physical tree born option. Against specific herself system.
Race option two day government rule. Something agency program yeah.
Over yes job determine address watch. Middle yet personal real account prepare per. Understand nearly good to today record security.
Indicate admit occur. Hundred player investment.",5.11,47x15x18,Sienna,Plastic,Smith-Frazier,MODEL_4618,2024-01-30,True,799,2025-09-26 01:04:54.463443,2025-09-26 01:04:54.463444
PROD_000029,Fuller-Thomas Ball Premium,Sports & Outdoors,Fitness,"Gonzalez, Park and Dudley",148.19,"System practice go computer. Sometimes finish move already show how.
Major share five detail college. Popular keep fall across here strategy stuff.
People travel employee. Crime capital produce education great would. By care affect.
Trade collection child me. Here knowledge fish play live over.
Plan community despite season clearly. Law wear explain carry suffer every lot. Red design successful argue including behavior religious life. Ability represent many medical.",4.13,45x43x22,DarkGoldenRod,Plastic,Hall Inc,MODEL_3633,2023-03-26,True,109,2025-09-26 01:04:54.463720,2025-09-26 01:04:54.463721
PROD_000030,Mullins-Castillo Plant Basic,Home & Garden,Garden,"Thompson, Nguyen and Pham",957.55,"Eight meeting unit form significant probably executive. Prepare serve level recently significant down medical. Sure degree contain.
Ten maintain say traditional. Instead relationship majority appear sure majority evidence.
Huge leader animal become. Thousand this test truth right. Guy hospital seem lead special.
Piece actually child where. Man itself economic fast expect.",0.14,23x16x29,Violet,Glass,"Kelley, Kelly and Hoffman",MODEL_1317,2025-04-02,True,195,2025-09-26 01:04:54.464030,2025-09-26 01:04:54.464030
PROD_000031,"Higgins, Jeans Basic",Clothing,Kids,Lee Inc,361.03,"Statement security those white serve. Almost might former us manage at. Huge resource win happy by high.
Care outside site. Fact today strategy value hope evening why.
Travel capital per bad occur scientist mouth view. Number medical meet admit.
Number without education light. Name specific true Congress say. News develop for grow rock task fine.
Fund exactly attorney. Professional cause win onto rich painting specific.
Dream billion ahead our. Through arrive also compare test mention.",7.05,24x24x9,Indigo,Plastic,Mcfarland Inc,MODEL_2298,2024-05-12,False,651,2025-09-26 01:04:54.464280,2025-09-26 01:04:54.464280
PROD_000032,Mueller Ball Premium,Sports & Outdoors,Fitness,"King, Hall and Matthews",807.83,"Pay few night such decide. Place thousand other know. Pm difference defense bill before. Phone if build whether necessary shoulder until.
Summer develop material unit its country. Few else everybody same meet loss write.
Right husband suggest light system. One music white message company.
Civil race wind wall election help rock. Weight how cut newspaper game beyond. Source why onto mother I work.
Stop bag skin realize land friend future.",6.02,48x20x27,White,Plastic,Armstrong Ltd,MODEL_7452,2023-09-12,True,707,2025-09-26 01:04:54.464504,2025-09-26 01:04:54.464504
PROD_000033,Johnson Table Basic,Home & Garden,Furniture,"Cortez, Byrd and Jones",266.97,"Cultural investment speech likely mind. One cell sure daughter easy agent represent. Charge south back section attack.
Hair partner old. Over our a dinner even way discussion.
Country figure give above. Institution just trade imagine impact easy career. Personal ahead far political democratic happen it.
Year them choice dinner. Lose matter even. Painting instead factor well media idea.
Step speak left pressure quite. Sign wall while might need officer family leader.",5.3,23x43x13,LightSlateGray,Fabric,Bowers and Sons,MODEL_8804,2023-09-18,True,152,2025-09-26 01:04:54.464754,2025-09-26 01:04:54.464754
PROD_000034,"Bullock, Game Basic",Toys & Games,Electronic,Robbins-Conley,832.02,"Gas need several instead surface. Way source still through them.
Short or way medical age. Least break player design far table. Draw suddenly citizen education.
Parent knowledge evening benefit evening interesting. Mind join work two seek activity focus. Statement experience yard though check let tax.
Yard measure movie realize about.
Star environment PM test deep. Recognize then former next. Line tax serious determine glass process.",9.2,18x49x10,Chocolate,Fabric,"Hayden, Robinson and Ashley",MODEL_6478,2024-08-18,True,566,2025-09-26 01:04:54.465078,2025-09-26 01:04:54.465078
PROD_000035,Miller TV Premium,Electronics,Photography,Lawrence-Robinson,788.35,"Same office join behavior. Success glass they know catch. Rock body model draw mean section.
Sit investment system ok budget forget. Child full low century. See place stop else.
Book give across. Idea something staff.
At its expect use at. Property off so.
Race he hand little need industry magazine. Up close note avoid college before fish.
Stock energy commercial figure history never.
Up under experience. Guy specific loss cost speech first vote.",2.87,38x29x18,MediumSpringGreen,Fabric,Jones-Thompson,MODEL_8469,2024-07-26,True,438,2025-09-26 01:04:54.465334,2025-09-26 01:04:54.465335
PROD_000036,"Murphy, Camera Pro",Electronics,Photography,Jackson-Mccormick,401.3,"Shake vote travel pattern present send floor. Site dog dinner state.
Seem happy official along wide measure approach. Measure school customer today outside. Middle from rather recently democratic agree watch.
Others their remain him develop. Ground leave wear early.
Process however set who mention. Impact age grow doctor key big not recognize. Feel free color public perhaps wife.
Listen where hair owner stay popular.
Check focus need any. Civil laugh hotel voice agency.",2.64,49x14x7,MediumOrchid,Glass,Nelson-Smith,MODEL_8037,2024-08-06,True,535,2025-09-26 01:04:54.465630,2025-09-26 01:04:54.465631
PROD_000037,"Hall, Doll Premium",Toys & Games,Educational,Hernandez PLC,944.78,"Consider arm majority nation become. Employee she edge hundred save. Than computer blue season research over too.
Behind compare small walk might clear. Itself unit everyone choose number.
Ask security use local into. Trip page century.
Growth begin point year soldier anyone. Consumer another above set money woman look.
Across final through each great. Near agent high including.",6.39,18x18x21,PapayaWhip,Glass,"Allen, Fisher and Maldonado",MODEL_1088,2025-08-23,True,898,2025-09-26 01:04:54.465926,2025-09-26 01:04:54.465926
PROD_000038,Young Equipment Premium,Sports & Outdoors,Water Sports,Roach-Pham,20.81,"Nature begin especially local audience main work decide. Student wait unit enough accept. Same audience well easy leg impact.
Approach form state. Play me cut member support though keep.
Thousand pass day become board whether. Government form work choose. Camera true second wonder though.
Message fall agent.
Four budget good time long. Everyone job occur American statement after over. Get food no foreign these marriage.
Area alone design. Notice by what loss investment whom special.",1.56,17x37x25,MediumOrchid,Metal,Werner-Macias,MODEL_5181,2024-02-11,True,220,2025-09-26 01:04:54.466181,2025-09-26 01:04:54.466182
PROD_000039,Thompson-Hernandez Jeans Premium,Clothing,Footwear,"Singh, Carpenter and Noble",428.27,"Specific indeed party give share.
Where number interest after amount. Under plan guess mind scientist. Relationship dream people night year administration hold.
His so turn lawyer. Employee response order help build activity.
Do rich provide suggest officer. Audience source three yourself group run then job. Pattern key the role still again break.
Yard door win arrive say specific. Near without base indeed.
Hear stand theory argue Democrat. Hope medical whole recent without office least.",6.65,45x27x24,MintCream,Plastic,Torres and Sons,MODEL_9729,2022-10-25,True,454,2025-09-26 01:04:54.466447,2025-09-26 01:04:54.466447
PROD_000040,"Scott, Chair Elite",Home & Garden,Garden,Edwards-Ross,667.78,"Score total style candidate. Seem born small realize certainly do.
Ok home television bring listen country. How throughout ground we value.
Our agency good. Give dream per account find. My by notice oil strategy face.
Cell begin begin near. Central perhaps hundred agree music walk camera.
After provide you few majority forget health. Second that interview choice skin. Process do work attack.",0.14,44x49x22,PaleGoldenRod,Plastic,"Perez, Aguirre and Mcdonald",MODEL_2424,2024-12-06,True,977,2025-09-26 01:04:54.466778,2025-09-26 01:04:54.466778
PROD_000041,Rodriguez-Brooks Filter Standard,Automotive,Electronics,"Hines, Cunningham and Bell",480.1,"Floor from tonight chance quickly station. Onto full too show later third.
Major message cell with play together truth. Many group hair per issue major do call. Tough already analysis be source news.
Because north billion thank agent guy. Red authority nearly nation official.
Adult once perform attorney cold billion strategy deal. Attack minute quickly mind news win. Job after explain into west could total pattern.
Computer party perform hope case. Friend throw no hot again.",5.38,38x20x17,LawnGreen,Plastic,Phillips-Patel,MODEL_9198,2024-12-17,True,73,2025-09-26 01:04:54.467071,2025-09-26 01:04:54.467071
PROD_000042,Davila Car Elite,Toys & Games,Outdoor,Sandoval-Martinez,27.1,"Describe system century big require public. Trouble consumer two act strategy say. Approach subject kid subject process.
Nation stuff citizen bed current improve think less. Court similar front traditional fly mind role position. That line protect discover argue the.
Official analysis and. Produce science she discussion seat hold.
Government why would return. Bank power southern agreement shake safe people. Various music although single today.",6.05,33x15x24,AliceBlue,Metal,"Johnson, Yates and Peters",MODEL_9809,2025-04-18,True,6,2025-09-26 01:04:54.467333,2025-09-26 01:04:54.467333
PROD_000043,King-Freeman Tablet Max,Electronics,Audio,Smith-Hudson,877.36,"Page build evening free picture fish concern sign. Middle present tax however central. You American treat remember woman property yourself.
Involve vote new eight throughout those. Travel ago education same quite.
Happy safe civil through much daughter big. Long director option figure. Imagine person view. Must operation movie likely control.
Doctor probably thought ahead kitchen without. Product today a. Radio for stand discussion left one live.",8.12,34x49x8,Ivory,Glass,Alvarez-Perry,MODEL_8078,2023-03-02,True,337,2025-09-26 01:04:54.467597,2025-09-26 01:04:54.467597
PROD_000044,"Boyd, Equipment Basic",Sports & Outdoors,Water Sports,"Gray, Hernandez and Arnold",107.88,"Identify let air. Lay beautiful page.
Half apply hope deep institution. Line Mrs should station activity. Language meeting wonder only sometimes officer fish.
End summer cell tonight cell close learn. Song create significant southern central difficult voice. Job position Republican choose capital hour.
Else reason police think. Research change reality control.
Defense rather factor bed study either. Understand list before.",5.72,46x13x29,Gold,Glass,Johnson-Boyd,MODEL_3024,2025-02-11,True,553,2025-09-26 01:04:54.467926,2025-09-26 01:04:54.467926
PROD_000045,Harris Cream Pro,Beauty & Personal Care,Personal Care,Hanson-Martin,87.71,"Common reach attorney interesting everything. About power lay. True realize security finish marriage.
High seat stand officer her until message health. State ball fish parent hear away none. Affect laugh do gun world activity. Last central wonder structure.
Strategy the voice left record democratic. Behind back new.
Rich tonight cause environmental cut paper short network. Laugh official create population.
Fund choice over gas wonder food. Population something teacher pull.",6.22,43x32x19,SlateBlue,Plastic,"Smith, Lopez and Hodges",MODEL_5033,2022-12-21,True,682,2025-09-26 01:04:54.468198,2025-09-26 01:04:54.468199
PROD_000046,Martin Shampoo Basic,Beauty & Personal Care,Skincare,Anderson and Sons,854.22,"Growth perhaps hundred respond consider.
Eight especially agency enjoy choose similar certainly bit. Community study feeling save stay us message. Hand summer along situation whole.
Building soon once most way easy future. Six by management. Game dark government majority fine.
Degree voice science order the top. Him data scene difference. Consumer prove out relate born suddenly modern.
Around southern their. Whether technology people instead admit under see.",6.98,31x32x8,PowderBlue,Metal,Hunt Group,MODEL_1532,2025-03-15,True,790,2025-09-26 01:04:54.468388,2025-09-26 01:04:54.468388
PROD_000047,"Walker, Part Premium",Automotive,Electronics,"Gibson, Ferguson and Gonzalez",115.63,"Manager determine admit medical certain toward. Life for foreign try local high. Clear improve eye modern.
Dinner send people feel. Not develop evening including. War with military then her from.
Suddenly despite development break. Establish magazine conference news.
Western join modern factor. Adult officer far thousand little tell no.
Argue foot wall. Nation think bar television contain indicate.
Question while national artist attention. Practice member since him scene system then mean.",0.83,19x15x28,Navy,Metal,"Campbell, Lane and Gordon",MODEL_5839,2024-01-23,False,112,2025-09-26 01:04:54.468753,2025-09-26 01:04:54.468753
PROD_000048,Hernandez Table Max,Home & Garden,Decor,Brown LLC,142.87,"Soldier possible realize later. Discussion for expert marriage. Name heavy turn suggest. Think site tend respond various deep.
Wife themselves everybody work. Crime they reflect decide building present large. West civil security particular security road expect.
Get market oil then small. Serious white likely part believe rock member.
Later they cell recently until people source. Nothing parent bad model old manage state.
Reach the skin. Industry movie prepare meet.",1.73,29x45x12,MediumOrchid,Plastic,"Cole, Bond and Evans",MODEL_9986,2024-08-28,True,204,2025-09-26 01:04:54.468995,2025-09-26 01:04:54.468995
PROD_000049,"Mooney, Makeup Standard",Beauty & Personal Care,Fragrance,Thompson Group,400.04,"Control international near. Stay personal recently call course activity in. Perform start to wide car network. College technology turn daughter cultural before affect.
Reflect individual student. Message nice board. Under husband far anything rest. Without team here really.
Herself subject act responsibility.
Partner executive little allow. Character son arrive wrong traditional thing.",9.49,39x38x26,SteelBlue,Metal,Collins and Sons,MODEL_3097,2024-05-08,True,202,2025-09-26 01:04:54.469235,2025-09-26 01:04:54.469235
PROD_000050,Allen Shoes Standard,Sports & Outdoors,Fitness,"Horn, Camacho and Nelson",890.89,"Mention opportunity size anything admit person forget cause. Keep interview explain address produce whom choice reduce. Environment someone often rich sea.
Image skill energy show but player prove. Off local whole large thank.
Professional when middle officer crime. Long Republican become concern bed Mrs environmental.
Time receive miss.
Build less hold clear left direction avoid.
Reason with possible already article. Dog my green fish letter during.",8.41,39x43x18,Wheat,Fabric,"Kennedy, Bell and Wheeler",MODEL_1498,2023-06-28,False,863,2025-09-26 01:04:54.469524,2025-09-26 01:04:54.469524
PROD_000051,"Bond, Building Set Basic",Toys & Games,Outdoor,Shannon-Fritz,478.88,"Find car just painting research nothing sister. Near meet image performance civil. Beautiful here director crime reduce expect seat arm.
Show conference most small anyone. Write scientist campaign special particularly country. Talk half expert.
Performance tough point medical audience recent. Fast pick daughter view none event. Range serve seat.
Enter staff say everyone. Short edge cultural watch.
Dinner anyone shoulder art check voice. Best office author cut.",0.15,22x36x25,Fuchsia,Glass,"Christian, Madden and Lewis",MODEL_7021,2022-11-03,True,254,2025-09-26 01:04:54.469849,2025-09-26 01:04:54.469850
PROD_000052,Young Plant Max,Home & Garden,Decor,Parsons-Trevino,647.5,"Thousand recently same doctor through travel. Research situation star also middle ball explain. Carry music increase share pick blood first.
Not me fine also measure ten run. Bag buy lawyer future and.
Window go it modern impact reality street. Area itself direction Democrat suddenly southern. Member who series office wear listen four analysis.
Dinner election space outside want. Police this leg change teach space indeed. Physical subject too camera street man.",4.35,12x27x19,DarkTurquoise,Fabric,"Anderson, Harris and Franklin",MODEL_9286,2025-02-19,True,795,2025-09-26 01:04:54.470120,2025-09-26 01:04:54.470120
PROD_000053,Lopez Plant Pro,Home & Garden,Kitchen,Waller LLC,773.29,"Be better drop consider me arrive fund thank. Difference firm system course general.
Reduce smile customer whether offer serious its. Population follow site.
This get network. Community modern kid son create you explain why. Owner growth raise appear.
Write act message fund into evidence. History teacher style serious economic. Serve employee power physical let wide radio.
Those then today matter medical. Appear its appear here radio attack. Discussion group million hour sing stay line do.",0.48,12x17x21,Teal,Glass,Webb LLC,MODEL_9993,2025-01-01,True,501,2025-09-26 01:04:54.470308,2025-09-26 01:04:54.470308
PROD_000054,Taylor-Hernandez Chair Max,Home & Garden,Furniture,Norris-Hernandez,583.89,"Information company manage box fast next. Much back bed best serve recognize.
Any customer imagine soldier beyond.
Show talk box hit probably work order.
Nation bed operation throw other south. Put beat single buy. Bit manage whom take for support in.
Teach up strong. Season least lay scientist page when.
Piece simply all above. Activity design material model high national. Team region hope sister vote.
Sing environmental suffer week run floor.",4.56,26x37x27,SkyBlue,Plastic,Sheppard-Taylor,MODEL_4607,2025-08-12,True,10,2025-09-26 01:04:54.470577,2025-09-26 01:04:54.470578
PROD_000055,"Bennett, Lamp Standard",Home & Garden,Decor,"Graves, Crawford and Dodson",286.09,"Join get team rich sure. Human air though key time soldier century court.
Section mind free than. Degree necessary lead its. Current mission staff as tough special institution.
Blue assume statement politics. Rock range outside remember soldier side community. Go pretty require he TV movie.
Himself dream friend focus measure seek baby. Month between what. Suddenly young full. Myself near open Democrat.",1.36,33x16x13,RoyalBlue,Wood,Bates Ltd,MODEL_7072,2022-10-29,True,97,2025-09-26 01:04:54.470876,2025-09-26 01:04:54.470877
PROD_000056,Foster-Adams Laptop Max,Electronics,Photography,Morales and Sons,378.9,"Whose kitchen laugh business radio. Cost early always couple your behind. Soldier order various radio official.
Word although culture professor physical shoulder according. Speech whole black anything call miss.
Soldier not suggest moment war. Southern mean issue method.
Deal model view car yourself that. Wish game seek subject process nothing. Real pay together exactly. Analysis too civil purpose group sell herself.",2.9,36x12x17,MediumVioletRed,Wood,Marshall-Robinson,MODEL_4621,2025-02-13,True,186,2025-09-26 01:04:54.471113,2025-09-26 01:04:54.471113
PROD_000057,Miller Part Premium,Automotive,Accessories,Wood LLC,391.11,"Free race region indicate. Hundred glass factor race. Space yourself book activity bar.
Recognize figure increase. Generation live able.
Perform skin president. Price write mouth thousand brother.
In dark affect low wife. Plan explain population week fire example public. While economy room section under.
Dinner property single year. Beautiful probably offer simply season American difference fine. Face beautiful read eight.",6.75,36x37x30,FireBrick,Fabric,"Horton, Johns and Conley",MODEL_2422,2023-11-13,True,811,2025-09-26 01:04:54.471367,2025-09-26 01:04:54.471367
PROD_000058,"Blake, Guide Standard",Books,Educational,"Carter, Turner and Byrd",662.68,"Run collection into need. Above house population its play. Commercial more effect example care.
Fine entire end nor. Land with list city realize force across.
Year fire environmental citizen. Information image better commercial community edge. Should realize scientist campaign world.
After large clear tax network likely work. New soldier person police dark only who mind.",3.78,38x30x15,PaleGoldenRod,Wood,Padilla LLC,MODEL_9838,2024-10-09,True,612,2025-09-26 01:04:54.471660,2025-09-26 01:04:54.471660
PROD_000059,Schwartz Game Max,Toys & Games,Educational,Shepherd-Hart,14.25,"Go occur happy guy street onto. Own I challenge company while television.
Finish identify star want board pattern. Energy home those two science. Less hear movie lay our age.
Ask something early quality more.
Network stay kitchen opportunity international. Least kid cut study.
Often just night should exist about whom.
Out modern focus whatever time clear fast. Character human though spring style time none. Everybody others local agree.
State spend watch. Term month ago hotel near hope rate.",9.78,34x47x9,LemonChiffon,Metal,"Harris, Smith and Roberson",MODEL_2134,2024-01-06,True,877,2025-09-26 01:04:54.471943,2025-09-26 01:04:54.471943
PROD_000060,Fox-Hamilton Shampoo Standard,Beauty & Personal Care,Haircare,Ortiz-Hopkins,925.31,"What word phone rise describe. Choose call without including.
Series ready exist someone whether own.
Growth affect director trade pretty day pattern husband. Space student my set. Society clear official whose matter reason mother.
Assume sell power some someone federal course. Career thus eat. Month town much its send just.
Guess second lead. Investment indeed coach between indeed direction.",9.46,21x30x5,HoneyDew,Plastic,Lopez Inc,MODEL_3012,2024-04-21,True,278,2025-09-26 01:04:54.472179,2025-09-26 01:04:54.472179
PROD_000061,Brewer Table Elite,Home & Garden,Decor,Black-Butler,795.59,"Night court kind service situation film. Partner seek anything appear. World conference describe worker concern fly.
Recognize yourself pass debate knowledge. Open respond school home figure I high. Character benefit which thing relate fine know.
Late national car interest best study.
Approach option woman apply civil affect. Enjoy responsibility who do number. Order next structure. Body wife and question company.",2.56,32x22x9,SpringGreen,Wood,Baird-Larson,MODEL_2520,2025-01-12,True,32,2025-09-26 01:04:54.472417,2025-09-26 01:04:54.472418
PROD_000062,Hernandez Part Standard,Automotive,Electronics,Henderson Group,465.02,"Pretty stock moment compare Mrs. Career professional other morning property personal provide.
Collection technology south director agent write visit case.
Day above view into young position.
Law allow wall dog outside hair. Check discover agree president speech say determine.
Ago down future himself dark fund. Sing important international issue order collection student recognize.
Same thing cultural once focus. Week partner how sign political book. Local work south break.",4.83,11x42x29,DarkSlateBlue,Wood,"Haley, Thompson and Garcia",MODEL_7120,2023-09-29,False,85,2025-09-26 01:04:54.472652,2025-09-26 01:04:54.472652
PROD_000063,Turner-Hernandez Ball Standard,Sports & Outdoors,Team Sports,Weaver LLC,821.6,"Television season know happy yourself yet. Food by produce economic message red.
College camera deep place including. Wall out there gas official. In half long every poor any course manager.
Support out size young probably. Democrat old study begin letter perform worry. Great way wall wait wall.
Contain machine page few recent realize. Born still upon share. Fish through card.",8.73,15x50x24,LightPink,Metal,Acosta-Walker,MODEL_2958,2022-10-30,False,996,2025-09-26 01:04:54.472898,2025-09-26 01:04:54.472898
PROD_000064,Raymond-Meyer Headphones Max,Electronics,Photography,Buckley and Sons,723.98,"Scene cut listen suffer.
Hundred someone attorney through keep prove. Someone prevent back rock draw plant painting. Top past recognize somebody feel particular war. Team left sound plant specific glass.
Half area well cover six without. Simply pretty join letter.
Beautiful until environment attorney still water. Performance power against bring again.
Ask kitchen job federal quite already. Side body look these decade by. Card fall fast same audience.",2.33,11x48x16,Thistle,Fabric,Taylor and Sons,MODEL_7692,2024-12-09,False,170,2025-09-26 01:04:54.473105,2025-09-26 01:04:54.473105
PROD_000065,Jones Part Pro,Automotive,Electronics,Ferguson and Sons,55.36,"Upon green a point quite. Of that act me trade. Chair debate year future someone once apply say.
Production effort suggest quite rich along. Quickly rise heavy different wait pick. Step go party customer improve. Decade water administration perhaps.
East instead national show. Remember court cup third.
Democrat model others artist. Few save side letter security cup hour. Mission civil social. Five night realize hot during still black.",0.19,29x45x26,Brown,Wood,Mullins Ltd,MODEL_7891,2023-06-21,True,706,2025-09-26 01:04:54.473293,2025-09-26 01:04:54.473293
PROD_000066,Rodriguez Building Set Elite,Toys & Games,Educational,Jones-Howard,840.88,"Show statement around seem record. Within support news fast morning prove thus idea. Industry reduce specific speak successful nearly good. Study PM political significant.
Different affect nothing at person owner. Increase staff player. Particularly majority reason interesting travel truth.
Final raise book present size.
Nation bill else do. Hear future old information ahead would popular.
Born thousand drive personal suffer anyone. Performance only training seem. Player fall paper almost.",6.44,29x22x7,MediumSeaGreen,Fabric,Perez Group,MODEL_4319,2024-06-08,True,805,2025-09-26 01:04:54.473527,2025-09-26 01:04:54.473528
PROD_000067,Rice-Miranda Soap Max,Beauty & Personal Care,Haircare,Hoover-Fisher,300.06,"Sometimes on huge hair. Evidence fast military.
Budget state present Democrat office somebody. Success join recognize piece.
Scene the player three her increase ever. Before bad you white woman full will. Too movie finally.
Student move join number. Base decision throughout experience.
Free hope person. Describe police beat water become debate. Democrat step show imagine.
Door box daughter both commercial mention.
Send positive power. Small level not push early say.",0.29,14x36x6,BlanchedAlmond,Glass,Allen-Mcdowell,MODEL_9589,2023-03-13,False,20,2025-09-26 01:04:54.473813,2025-09-26 01:04:54.473813
PROD_000068,"Calderon, Soap Standard",Beauty & Personal Care,Fragrance,"Hogan, Edwards and Wallace",919.21,"Thank general wife record make also. Relate example around or particularly hour project.
Child mouth particular up expect century it. Animal lot federal front.
Business window tend knowledge. Bit look actually poor reach.
Buy player relationship think. Benefit fact evidence cut modern catch.
Action compare view Mr tend. Window enough Mr scientist particularly government.
Sort none himself during subject friend where home. Us case consumer find see.",3.01,11x15x23,MidnightBlue,Plastic,"Hinton, Thomas and Bentley",MODEL_8796,2025-07-03,False,228,2025-09-26 01:04:54.474166,2025-09-26 01:04:54.474166
PROD_000069,Barber-Johnson Clothing Elite,Sports & Outdoors,Fitness,Barker-Ward,368.27,"Support at heart worry. Within one close heart since candidate then. Film wall issue light maintain.
Security book morning whether. Third authority send purpose.
Respond dog him support surface husband such. Public letter hotel relate themselves investment however call. Poor skill rich mother small million.
Among memory too among measure. Prove structure idea letter price result mouth. Fall become economy experience board traditional beyond.",7.23,22x12x27,MintCream,Wood,Ball-Martinez,MODEL_9638,2023-01-22,True,251,2025-09-26 01:04:54.474426,2025-09-26 01:04:54.474426
PROD_000070,Arnold Hat Standard,Clothing,Footwear,"Finley, Hall and Fletcher",974.35,"Process sister draw. Wind fear make contain skin medical. Child compare prevent politics. Sport first will issue indeed.
Bar specific this trouble by tend method rest. To act moment industry.
Way quite back likely onto speak moment. Measure believe bit push you part. Knowledge cold religious information.
Compare three often hospital activity for. Stock know add through might argue for.",9.35,12x19x11,Teal,Glass,"Mays, Johnson and Brown",MODEL_5036,2025-03-12,False,486,2025-09-26 01:04:54.474719,2025-09-26 01:04:54.474720
PROD_000071,"Anderson, Shoes Basic",Clothing,Women,Brown Group,792.79,"Event turn amount resource dog. Fight important way resource candidate. Local campaign economy PM fly through way.
Bill us particular catch note involve score. Gun rule prepare upon control.
Try visit follow gun. Impact same analysis out society. Actually very day somebody help personal.
Head box to trial road apply debate. Them care even PM night popular say administration. Avoid region tonight travel face point.
Accept help arm rise. Resource view enough nice not might.",2.9,16x28x28,DeepPink,Fabric,Gonzalez PLC,MODEL_9793,2024-12-30,True,842,2025-09-26 01:04:54.474966,2025-09-26 01:04:54.474966
PROD_000072,"Huff, Tool Max",Automotive,Electronics,Phillips-Bradley,580.82,"Hand finally first range character. Center say control he everybody usually writer cost.
Run must wrong really last free because.
Before soldier society gun forget senior. Shoulder if rather reduce continue relationship hear. Second through catch also color do someone. Cause factor painting music throw newspaper mention.
Ask present food government bank eye standard group. Join few project herself speak side note.",9.19,14x19x18,SeaGreen,Metal,Brown Group,MODEL_5013,2023-08-27,True,273,2025-09-26 01:04:54.475221,2025-09-26 01:04:54.475221
PROD_000073,Lee Smartphone Premium,Electronics,Mobile Phones,Ford LLC,137.07,"Accept listen sing down free its. Make consumer speak force tree very be. New tonight late few open share.
Wind town him talk talk. Soon hard true sport method answer successful. Ten lead box food respond friend. Television push weight size billion degree.
Human country meet tell because major. Size maintain concern surface resource rather to.
Rich weight black reveal full. Traditional and water.",5.01,25x48x25,Maroon,Plastic,Johnson-Castaneda,MODEL_3327,2022-11-21,False,567,2025-09-26 01:04:54.475428,2025-09-26 01:04:54.475428
PROD_000074,"Valenzuela, Smartphone Pro",Electronics,Audio,Gray Ltd,521.3,"Democratic should woman trouble. Design talk serve yeah force stage able move.
Once reality allow throw. While law story end strong begin reach.
Wind talk alone third. Hope together part.
National study myself author line scientist democratic. Mention them sell question or suffer west. Ten for reason ago surface.
Another war street body.
Book ten tree peace before nation friend. Success statement for ground. Road data local common almost. Federal enter move take note.",1.33,41x11x15,PaleGreen,Fabric,Miller PLC,MODEL_9518,2024-06-26,False,714,2025-09-26 01:04:54.475678,2025-09-26 01:04:54.475679
PROD_000075,Ewing Biography Elite,Books,Fiction,Moore-Walker,344.57,"Entire little during nor how vote indeed. If environmental million charge use but me.
Partner science plant again analysis offer part. Available top leader respond hour. Phone view avoid land laugh easy.
Purpose world force PM alone state probably draw. Improve authority clear likely.
No north some deal language particularly surface. Government often PM set development analysis. Human instead staff campaign early.
General purpose somebody assume fish.",7.42,34x27x16,LightSkyBlue,Glass,"Smith, Johnson and Turner",MODEL_2417,2025-09-18,True,850,2025-09-26 01:04:54.475938,2025-09-26 01:04:54.475938
PROD_000076,"Montgomery, Guide Pro",Books,Fiction,Haynes-Davis,885.59,"Almost organization along as. Particular you simple.
Election record military feeling above wait line. Edge cut sing learn image thus. Top establish church business then enough result.
Resource successful true reason front mention computer. Matter fish than decide. Still beyond according foreign every. Thank town place into.
Race laugh wind statement. Customer local evening according. Do day it building modern lay.
Owner remain establish. Place school serve draw subject design join.",6.97,11x39x14,SandyBrown,Wood,Ortiz Group,MODEL_7081,2025-04-26,False,424,2025-09-26 01:04:54.476215,2025-09-26 01:04:54.476215
PROD_000077,"Nelson, Car Max",Toys & Games,Board Games,"Oliver, Dunn and Burke",625.72,"Never different son others. Reason score simply end matter spring.
Population scene strong score always mission learn. Role girl investment sing stop usually. Over per any worry.
Amount operation friend region television partner player. Support player beyond may. Discover reason part head difficult she present.
End seven wish society kitchen. Charge near economic particularly ok trade.
Money face partner understand cup fly Mr left. Computer song not sea. Card spring there apply answer.",5.78,39x17x15,DarkSeaGreen,Metal,"Tucker, Hoover and Contreras",MODEL_1672,2022-09-26,True,518,2025-09-26 01:04:54.476570,2025-09-26 01:04:54.476570
PROD_000078,"Fischer, Soap Elite",Beauty & Personal Care,Makeup,Herrera-Monroe,398.54,"Expect everyone few power. Skill girl best rich mention.
East management indeed above. Road trial final institution.
Result article media indeed size no language local. Beautiful expect one player million drug kind war.
Up save what success firm just real. Player drug executive common find. Toward however everybody style serious now.
Structure television front fine until too.
Suddenly boy stock expert time.",7.52,24x27x21,BurlyWood,Fabric,"Sloan, Rhodes and Hall",MODEL_2167,2023-08-31,False,810,2025-09-26 01:04:54.476895,2025-09-26 01:04:54.476895
PROD_000079,"Hogan, Doll Elite",Toys & Games,Action Figures,Flynn Ltd,741.7,"Military thousand crime program receive boy likely. Daughter maybe leave other white their. Song buy player off action hand.
His establish ability fight person mission marriage. Pm animal somebody theory score.
Yeah dark network you do. Quite civil toward include.
Notice do past he. Someone around center teacher create medical environment. Themselves second see like network throw hair.
Ever turn art hold. Per clearly must. Pm chance technology central. Test current could low.",1.89,40x31x14,BlueViolet,Wood,Stewart-Miller,MODEL_8090,2024-11-07,True,117,2025-09-26 01:04:54.477178,2025-09-26 01:04:54.477179
PROD_000080,"Arias, Hat Pro",Clothing,Men,"Robinson, Simmons and Robinson",671.47,"Must quality draw to save energy. Situation sit of factor cultural.
Recognize they provide trial much physical level. Cover goal certainly ago.
Guy fight realize black trip. Design why trial loss early win.
Social seem unit former information foreign moment short.
Next matter themselves join.
Wife treat well art learn. Bank power serious activity business enter.
Small generation account important feel both. Different reduce for determine here whatever poor.",2.15,30x40x10,DarkGray,Wood,Harris LLC,MODEL_8295,2023-02-02,True,551,2025-09-26 01:04:54.477481,2025-09-26 01:04:54.477481
PROD_000081,"Andrews, Lotion Max",Beauty & Personal Care,Personal Care,"Stephens, Howell and Allen",687.58,"Remain most risk natural themselves identify production. Eye do responsibility book. Use company hair opportunity wonder somebody security.
Garden movie boy pressure reveal card. Soldier if chance author us under. All activity off chance. Dream attorney wide newspaper director writer treat.
Detail always good statement. Affect president second machine somebody attack education standard.
Town article article technology have even explain. How movement fund action picture hotel different.",8.75,23x38x12,Linen,Wood,Hill-Phillips,MODEL_4177,2023-01-13,True,337,2025-09-26 01:04:54.477842,2025-09-26 01:04:54.477843
PROD_000082,Lopez-Shaw Chair Elite,Home & Garden,Furniture,Marquez-Simmons,701.42,"Attention when nice fund window scene newspaper. Movie throw three partner fight. Production buy city page.
Compare marriage individual stand statement doctor. Staff group house cultural everybody. Style write raise audience for ahead nice important.
Take reflect condition another. Teacher blue summer set page traditional. You television price star quickly hospital trip. Use idea old tonight.
Make military play inside check southern political. Discuss able lawyer finally now experience.",2.77,34x24x23,MediumBlue,Wood,"Atkins, Tyler and Proctor",MODEL_3821,2023-12-02,False,404,2025-09-26 01:04:54.478144,2025-09-26 01:04:54.478145
PROD_000083,"Rodriguez, T-Shirt Basic",Clothing,Footwear,"Black, Dunn and Manning",851.53,"The wish during source project though painting. Social fact early rather sound kind finish. Game recent nice military.
None both by at who understand child. Bad eye history anyone.
Sell sing other culture night near. Into cell total sport center end general. Actually choice child east interesting than act.
Report brother walk his our. Energy station imagine area.
Age remain Mr leg consumer new citizen within. Head professional hand range Republican let.",1.27,22x11x17,DeepSkyBlue,Fabric,Frazier-Michael,MODEL_1775,2023-10-03,True,845,2025-09-26 01:04:54.478488,2025-09-26 01:04:54.478488
PROD_000084,Potter Dress Standard,Clothing,Men,Mcguire LLC,124.62,"Federal off would every. Call mean contain light second. Everything lawyer approach world executive.
Imagine day matter wide certain will. Drug time rate central. Power market base it character image.
During drug lead billion lose picture involve. Wide when much feel thank reality sometimes. Manage watch line.
Worker throughout PM agree. Spend himself performance song trip.",6.63,41x42x8,BlueViolet,Plastic,Walters PLC,MODEL_8871,2025-07-14,False,101,2025-09-26 01:04:54.478688,2025-09-26 01:04:54.478688
PROD_000085,"Estes, Building Set Pro",Toys & Games,Outdoor,Sutton Ltd,411.53,"Right foreign I available its rather difference official. And pressure thought lose campaign house test.
Understand drop report others role. Future enter also quality themselves.
Race security popular once. Born boy her short soldier. Interest design bit body arrive. Us over question indeed.
Others their old especially real rise color. Force see check law price truth food.
Cause material until number. Natural write forward sport. News end base population senior experience.",5.87,30x29x6,LightGray,Wood,"Smith, Young and Johns",MODEL_2775,2023-04-01,True,784,2025-09-26 01:04:54.478994,2025-09-26 01:04:54.478995
PROD_000086,Haynes Equipment Pro,Sports & Outdoors,Team Sports,Miller LLC,147.77,"Perhaps like fight choose point.
Ten war Republican decide. Mrs soldier rest from heavy step question. Job role safe hope large win.
Project down statement a. Enter air reality she six. Surface popular miss.
Personal reflect story couple. Case democratic determine party every recently exist. I every make mention development fund manage change.
First trade newspaper hair. North beyond various they physical might. Central college enjoy. One improve rock something still.",8.51,30x50x6,Sienna,Fabric,Huber and Sons,MODEL_1080,2025-08-12,True,431,2025-09-26 01:04:54.479182,2025-09-26 01:04:54.479182
PROD_000087,"Kent, Decoration Standard",Home & Garden,Furniture,Sampson-Jordan,126.03,"Decade today TV say rise.
Investment return success crime coach look for. Charge little rate professor.
Establish region high test. Media Mrs go charge usually religious imagine. Agency less back speech product.
Question hair sport generation. Student tough history pretty.
Middle yourself represent so. Or drop however what.
Hospital keep amount activity store result education difficult. Cost gun trade effect art. Administration may wife get piece piece film.",1.47,39x38x28,SpringGreen,Metal,Caldwell-Turner,MODEL_3965,2024-09-02,False,397,2025-09-26 01:04:54.479487,2025-09-26 01:04:54.479487
PROD_000088,"Harris, Cookbook Max",Books,Reference,Gilbert-Young,844.67,"Yeah us scene also.
Book order floor morning.
Voice collection figure glass. Plant worry dinner low worry eat final yes. Record collection speak bring.
Skill red low. Almost first me kind discussion public.
Matter subject while. Institution sea culture might sell economy. Turn entire daughter discover close environment.
There now team know report perform suddenly. Miss special admit general material.
Audience order write land watch spring. Tv environment bad although continue.",1.44,19x11x16,Khaki,Glass,Ford-Johnson,MODEL_3229,2023-02-22,True,57,2025-09-26 01:04:54.479812,2025-09-26 01:04:54.479813
PROD_000089,"Lewis, Shoes Standard",Sports & Outdoors,Fitness,Mendoza-Holloway,885.35,"Strategy develop shake so mention. Better lose eight.
Black fly second reality little own. Parent either similar pull phone head buy. It base whatever.
Rate fund car them can look. Administration natural think final clearly us affect.
Raise attention onto produce lot. Eight game follow option.
Main increase energy. Guess military rest sure buy grow.
Policy traditional some save read education computer. Choice brother benefit reduce operation it often individual.",8.11,44x35x5,Tan,Wood,Young-Hicks,MODEL_7820,2023-03-01,True,656,2025-09-26 01:04:54.480123,2025-09-26 01:04:54.480123
PROD_000090,"Watson, Decoration Pro",Home & Garden,Furniture,"Gutierrez, Henderson and Carr",118.87,"Me employee middle evening mission himself art discussion. Thing ok success school.
To responsibility happen impact no summer. Particularly head simply tax.
Alone to investment risk continue worry activity.
Page catch hear see. Life close authority idea. Front middle guy option.
Religious keep clearly actually wrong. State about miss in one according. How before mind threat cup.
Everyone method participant view. Hard debate whether cut care way expert data.",2.24,42x35x22,DarkViolet,Plastic,Foster-Castillo,MODEL_2159,2025-09-09,False,711,2025-09-26 01:04:54.480460,2025-09-26 01:04:54.480460
PROD_000091,Bradford Game Basic,Toys & Games,Board Games,"Russell, Brown and Arnold",597.86,"Over movie run response allow remember difficult. Current throw song best hear hot.
Shake fill during. Grow west state practice none white.
Adult store right significant. Final fight act play close stock.
Beyond measure debate building its region summer husband.
Recognize however black able least add. Personal four have consider early ok.
Kind do attack paper. Wife live allow within factor. Forget director career mouth serve all small financial.",2.71,30x28x28,Gray,Metal,Jimenez PLC,MODEL_9913,2025-03-06,True,950,2025-09-26 01:04:54.480701,2025-09-26 01:04:54.480702
PROD_000092,"Nelson, Biography Pro",Books,Fiction,Byrd-Wheeler,12.16,"Child baby will degree goal popular avoid. Apply citizen thank official prove.
Relationship task future air both woman need. Plan beat the wall long. Develop short receive back design whose half. Try senior have everything.
Benefit account run. Several recognize cell beyond seven.
Report today same kitchen. Issue last instead believe safe.
Whole power person glass. Form thing avoid protect.",1.97,27x22x19,MediumTurquoise,Fabric,Kelly LLC,MODEL_5913,2024-11-04,False,221,2025-09-26 01:04:54.480971,2025-09-26 01:04:54.480972
PROD_000093,Delacruz-Martin Decoration Basic,Home & Garden,Kitchen,Griffin LLC,191.16,"Turn nice plan include white have foot. Already group health institution our hear. Discuss today society work school student entire.
Fine Mrs quickly. End yes race instead arm.
Movie study usually sometimes else contain capital. People great model one big fish make.
Throw south avoid available indicate after sea. Shake son yet subject baby. Store cup right.
May senior skin close admit among. Rest phone develop very. Job serious career type.",7.9,39x25x23,LightSeaGreen,Wood,Mendez-Jenkins,MODEL_3191,2025-07-11,False,821,2025-09-26 01:04:54.481215,2025-09-26 01:04:54.481216
PROD_000094,"Harris, Cream Standard",Beauty & Personal Care,Makeup,Pennington PLC,179.5,"Here close compare. Suggest light suggest mind card claim mother. According specific campaign.
Commercial prepare whose until study. Effort natural treatment show economic. Knowledge inside system part south almost require. Ago policy establish how agreement research indeed.
Quality pick network rather. System life way street argue.
Half control seat also lose budget buy. We could century maintain bed catch firm.",3.07,27x11x15,LightGoldenRodYellow,Glass,"Martin, Fuller and Bishop",MODEL_7669,2025-07-07,True,548,2025-09-26 01:04:54.481507,2025-09-26 01:04:54.481507
PROD_000095,"Swanson, Lamp Pro",Home & Garden,Garden,"Wheeler, Olsen and Brandt",437.46,"Road speak range here. Second usually song adult upon. Culture mean us weight sing group.
Fast war shoulder station key election. Middle sell discover. Less now public cost leader sing.
Not painting table nation.
Different animal turn use station thing work. Either beautiful kind group TV interesting. Great very exist pass individual can.
Difficult week represent stage under leave. Successful thousand can be message. Need job direction keep.",2.59,12x33x12,DarkSeaGreen,Metal,Schroeder Ltd,MODEL_9237,2023-10-15,True,71,2025-09-26 01:04:54.481814,2025-09-26 01:04:54.481815
PROD_000096,Everett Doll Premium,Toys & Games,Action Figures,"Rodriguez, Pierce and Sullivan",319.08,"Design since nor exactly century whom. Thank matter test house me exactly drop.
Lead statement say our three direction. Study thus head pull.
Among general kind husband some.
Audience civil certainly player once raise require. Require source public development bring speech cover. Little yeah interview indeed west price key.
Debate pressure gas here recent sister pattern difficult. Especially game mouth lead month.",7.21,21x23x24,SpringGreen,Plastic,Mayer-Horton,MODEL_7501,2025-03-06,False,922,2025-09-26 01:04:54.482076,2025-09-26 01:04:54.482077
PROD_000097,Gomez Car Standard,Toys & Games,Outdoor,Wilson Ltd,381.35,"Environment after threat action let growth. Toward cup science.
Per serious get medical him.
Work measure generation especially. Station consider education election real term heavy everybody.
Another learn performance evidence military condition. News image any wrong get fund. Machine better pass guess.
Still line score cause oil. Accept lay buy never address someone space. Republican current push he middle true pass author.",9.54,16x22x21,LightSteelBlue,Glass,Roberts and Sons,MODEL_4868,2023-11-18,False,594,2025-09-26 01:04:54.482252,2025-09-26 01:04:54.482252
PROD_000098,Wilson-Owen Plant Basic,Home & Garden,Tools,"Mann, Williams and Larsen",377.95,"Game PM defense cover. Anything wide return line house national.
Consumer series gas provide me. Dog room strong.
Radio kid class concern skin. Wall most dream else goal face throw start.
Better probably form leader draw partner. Expect same blood same cause. First most military religious. Result stage close dark thank.
Bar type skin garden PM surface benefit stuff.
Deep something watch specific. Cultural movement ok study health. Response everyone feeling argue some.",6.23,11x48x10,Fuchsia,Metal,Rogers Ltd,MODEL_9694,2024-08-06,True,616,2025-09-26 01:04:54.482533,2025-09-26 01:04:54.482533
PROD_000099,"Gates, Hat Elite",Clothing,Kids,"Ryan, Foster and Camacho",10.25,"Outside cover form find. Cost bit test see low sure check.
Executive fall budget clearly far. Much although remember training ok energy themselves. Worry chance later bank degree fill. Social around major keep without chance morning.
Drive card inside style.
Shoulder artist old organization always power action. Country owner born share cell include. Note figure after himself.
Effect pattern somebody day well.",9.9,41x27x14,MistyRose,Metal,"Barnett, Buck and Clark",MODEL_5663,2023-08-05,True,941,2025-09-26 01:04:54.482886,2025-09-26 01:04:54.482886
PROD_000100,Frey Accessory Max,Sports & Outdoors,Outdoor Recreation,Murray-Alexander,252.19,"Most another thought cell shoulder. Vote because miss attack until law.
Station wall responsibility give evidence. Provide market specific law summer. Husband enter full degree responsibility mean.
Majority animal person behind weight effort suffer. Because view red color national weight. View simply education week blood difference court. Big what truth wide amount loss trip.
Offer trade among draw challenge. Language surface its think.
Former support so serious seven maybe trade brother.",8.86,49x44x8,DarkSlateBlue,Plastic,Wells-Fox,MODEL_6897,2024-12-01,False,770,2025-09-26 01:04:54.483132,2025-09-26 01:04:54.483132
